singer_index,group,singer,year,type
周杰伦_0_0,2000-2005,周杰伦,2000,专辑
周杰伦_0_0,2000-2005,周杰伦,2000,专辑
周杰伦_0_0,2000-2005,周杰伦,2000,专辑
周杰伦_0_0,2000-2005,周杰伦,2000,专辑
周杰伦_0_0,2000-2005,周杰伦,2000,专辑
周杰伦_0_0,2000-2005,周杰伦,2000,专辑
周杰伦_0_0,2000-2005,周杰伦,2000,专辑
周杰伦_0_0,2000-2005,周杰伦,2000,专辑
周杰伦_0_0,2000-2005,周杰伦,2000,专辑
周杰伦_0_0,2000-2005,周杰伦,2000,专辑
周杰伦_0_0,2000-2005,周杰伦,2001,专辑
周杰伦_0_0,2000-2005,周杰伦,2001,专辑
周杰伦_0_0,2000-2005,周杰伦,2001,专辑
周杰伦_0_0,2000-2005,周杰伦,2001,专辑
周杰伦_0_0,2000-2005,周杰伦,2001,专辑
周杰伦_0_0,2000-2005,周杰伦,2001,专辑
周杰伦_0_0,2000-2005,周杰伦,2001,专辑
周杰伦_0_0,2000-2005,周杰伦,2001,专辑
周杰伦_0_0,2000-2005,周杰伦,2001,专辑
周杰伦_0_0,2000-2005,周杰伦,2001,专辑
周杰伦_0_0,2000-2005,周杰伦,2001,专辑
周杰伦_0_0,2000-2005,周杰伦,2001,专辑
周杰伦_0_0,2000-2005,周杰伦,2001,专辑
周杰伦_0_0,2000-2005,周杰伦,2001,专辑
周杰伦_0_0,2000-2005,周杰伦,2001,专辑
周杰伦_0_0,2000-2005,周杰伦,2001,专辑
周杰伦_0_0,2000-2005,周杰伦,2001,专辑
周杰伦_0_0,2000-2005,周杰伦,2001,专辑
周杰伦_0_0,2000-2005,周杰伦,2001,专辑
周杰伦_0_0,2000-2005,周杰伦,2002,专辑
周杰伦_0_0,2000-2005,周杰伦,2002,专辑
周杰伦_0_0,2000-2005,周杰伦,2002,专辑
周杰伦_0_0,2000-2005,周杰伦,2002,专辑
周杰伦_0_0,2000-2005,周杰伦,2002,专辑
周杰伦_0_0,2000-2005,周杰伦,2002,专辑
周杰伦_0_0,2000-2005,周杰伦,2002,专辑
周杰伦_0_0,2000-2005,周杰伦,2002,专辑
周杰伦_0_0,2000-2005,周杰伦,2002,专辑
周杰伦_0_0,2000-2005,周杰伦,2002,专辑
周杰伦_0_0,2000-2005,周杰伦,2002,专辑
周杰伦_0_0,2000-2005,周杰伦,2002,专辑
周杰伦_0_0,2000-2005,周杰伦,2002,专辑
周杰伦_0_0,2000-2005,周杰伦,2002,专辑
周杰伦_0_0,2000-2005,周杰伦,2002,专辑
周杰伦_0_0,2000-2005,周杰伦,2002,专辑
周杰伦_0_0,2000-2005,周杰伦,2002,专辑
周杰伦_0_0,2000-2005,周杰伦,2002,专辑
周杰伦_0_0,2000-2005,周杰伦,2002,专辑
周杰伦_0_0,2000-2005,周杰伦,2002,专辑
周杰伦_0_0,2000-2005,周杰伦,2002,专辑
周杰伦_0_0,2000-2005,周杰伦,2002,专辑
周杰伦_0_0,2000-2005,周杰伦,2002,专辑
周杰伦_0_0,2000-2005,周杰伦,2002,专辑
周杰伦_0_0,2000-2005,周杰伦,2002,专辑
周杰伦_0_0,2000-2005,周杰伦,2002,专辑
周杰伦_0_0,2000-2005,周杰伦,2002,专辑
周杰伦_0_0,2000-2005,周杰伦,2002,专辑
周杰伦_0_0,2000-2005,周杰伦,2002,专辑
周杰伦_0_0,2000-2005,周杰伦,2002,专辑
周杰伦_0_0,2000-2005,周杰伦,2003,专辑
周杰伦_0_0,2000-2005,周杰伦,2003,商业
周杰伦_0_0,2000-2005,周杰伦,2003,专辑
周杰伦_0_0,2000-2005,周杰伦,2003,专辑
周杰伦_0_0,2000-2005,周杰伦,2003,专辑
周杰伦_0_0,2000-2005,周杰伦,2003,专辑
周杰伦_0_0,2000-2005,周杰伦,2003,专辑
周杰伦_0_0,2000-2005,周杰伦,2003,专辑
周杰伦_0_0,2000-2005,周杰伦,2003,专辑
周杰伦_0_0,2000-2005,周杰伦,2003,专辑
周杰伦_0_0,2000-2005,周杰伦,2003,专辑
周杰伦_0_0,2000-2005,周杰伦,2003,专辑
周杰伦_0_0,2000-2005,周杰伦,2003,商业
周杰伦_0_0,2000-2005,周杰伦,2004,专辑
周杰伦_0_0,2000-2005,周杰伦,2004,专辑
周杰伦_0_0,2000-2005,周杰伦,2004,专辑
周杰伦_0_0,2000-2005,周杰伦,2004,专辑
周杰伦_0_0,2000-2005,周杰伦,2004,专辑
周杰伦_0_0,2000-2005,周杰伦,2004,专辑
周杰伦_0_0,2000-2005,周杰伦,2004,专辑
周杰伦_0_0,2000-2005,周杰伦,2004,专辑
周杰伦_0_0,2000-2005,周杰伦,2004,专辑
周杰伦_0_0,2000-2005,周杰伦,2004,专辑
周杰伦_0_0,2000-2005,周杰伦,2005,专辑
周杰伦_0_0,2000-2005,周杰伦,2005,专辑
周杰伦_0_0,2000-2005,周杰伦,2005,专辑
周杰伦_0_0,2000-2005,周杰伦,2005,专辑
周杰伦_0_0,2000-2005,周杰伦,2005,专辑
周杰伦_0_0,2000-2005,周杰伦,2005,专辑
周杰伦_0_0,2000-2005,周杰伦,2005,专辑
周杰伦_0_0,2000-2005,周杰伦,2005,专辑
周杰伦_0_0,2000-2005,周杰伦,2005,专辑
周杰伦_0_0,2000-2005,周杰伦,2005,专辑
周杰伦_0_0,2000-2005,周杰伦,2005,专辑
周杰伦_0_0,2000-2005,周杰伦,2005,专辑
周杰伦_0_0,2000-2005,周杰伦,2005,专辑
周杰伦_0_0,2000-2005,周杰伦,2005,专辑
周杰伦_0_0,2000-2005,周杰伦,2005,专辑
周杰伦_0_0,2000-2005,周杰伦,2005,专辑
周杰伦_0_0,2000-2005,周杰伦,2005,专辑
周杰伦_0_0,2000-2005,周杰伦,2005,专辑
周杰伦_0_0,2000-2005,周杰伦,2005,专辑
周杰伦_0_0,2000-2005,周杰伦,2005,专辑
周杰伦_0_0,2000-2005,周杰伦,2005,专辑
周杰伦_0_0,2000-2005,周杰伦,2005,专辑
周杰伦_0_0,2000-2005,周杰伦,2005,专辑
周杰伦_0_0,2000-2005,周杰伦,2005,专辑
周杰伦_0_0,2000-2005,周杰伦,2005,专辑
周杰伦_0_0,2000-2005,周杰伦,2005,专辑
周杰伦_0_0,2000-2005,周杰伦,2005,专辑
周杰伦_0_0,2000-2005,周杰伦,2005,专辑
周杰伦_0_0,2000-2005,周杰伦,2005,专辑
周杰伦_0_0,2000-2005,周杰伦,2005,专辑
周杰伦_0_0,2000-2005,周杰伦,2005,专辑
周杰伦_0_0,2000-2005,周杰伦,2005,专辑
周杰伦_0_0,2000-2005,周杰伦,2005,专辑
周杰伦_0_0,2000-2005,周杰伦,2005,专辑
周杰伦_0_0,2000-2005,周杰伦,2005,专辑
周杰伦_0_0,2000-2005,周杰伦,2005,专辑
周杰伦_0_0,2000-2005,周杰伦,2005,专辑
周杰伦_0_0,2000-2005,周杰伦,2005,专辑
周杰伦_0_0,2000-2005,周杰伦,2005,专辑
周杰伦_0_0,2000-2005,周杰伦,2006,商业
周杰伦_0_0,2000-2005,周杰伦,2006,专辑
周杰伦_0_0,2000-2005,周杰伦,2006,商业
周杰伦_0_0,2000-2005,周杰伦,2006,商业
周杰伦_0_0,2000-2005,周杰伦,2006,专辑
周杰伦_0_0,2000-2005,周杰伦,2006,专辑
周杰伦_0_0,2000-2005,周杰伦,2006,专辑
周杰伦_0_0,2000-2005,周杰伦,2006,专辑
周杰伦_0_0,2000-2005,周杰伦,2006,专辑
周杰伦_0_0,2000-2005,周杰伦,2006,专辑
周杰伦_0_0,2000-2005,周杰伦,2006,专辑
周杰伦_0_0,2000-2005,周杰伦,2006,专辑
周杰伦_0_0,2000-2005,周杰伦,2006,专辑
周杰伦_0_0,2000-2005,周杰伦,2007,专辑
周杰伦_0_0,2000-2005,周杰伦,2007,专辑
周杰伦_0_0,2000-2005,周杰伦,2007,专辑
周杰伦_0_0,2000-2005,周杰伦,2007,专辑
周杰伦_0_0,2000-2005,周杰伦,2007,专辑
周杰伦_0_0,2000-2005,周杰伦,2007,专辑
周杰伦_0_0,2000-2005,周杰伦,2007,专辑
周杰伦_0_0,2000-2005,周杰伦,2007,专辑
周杰伦_0_0,2000-2005,周杰伦,2007,专辑
周杰伦_0_0,2000-2005,周杰伦,2007,专辑
周杰伦_0_0,2000-2005,周杰伦,2008,商业
周杰伦_0_0,2000-2005,周杰伦,2008,专辑
周杰伦_0_0,2000-2005,周杰伦,2008,专辑
周杰伦_0_0,2000-2005,周杰伦,2008,商业
周杰伦_0_0,2000-2005,周杰伦,2008,商业
周杰伦_0_0,2000-2005,周杰伦,2008,专辑
周杰伦_0_0,2000-2005,周杰伦,2008,专辑
周杰伦_0_0,2000-2005,周杰伦,2008,专辑
周杰伦_0_0,2000-2005,周杰伦,2008,专辑
周杰伦_0_0,2000-2005,周杰伦,2008,专辑
周杰伦_0_0,2000-2005,周杰伦,2008,专辑
周杰伦_0_0,2000-2005,周杰伦,2008,专辑
周杰伦_0_0,2000-2005,周杰伦,2008,专辑
周杰伦_0_0,2000-2005,周杰伦,2008,专辑
周杰伦_0_0,2000-2005,周杰伦,2008,专辑
周杰伦_0_0,2000-2005,周杰伦,2008,专辑
周杰伦_0_0,2000-2005,周杰伦,2008,专辑
周杰伦_0_0,2000-2005,周杰伦,2008,专辑
周杰伦_0_0,2000-2005,周杰伦,2008,专辑
周杰伦_0_0,2000-2005,周杰伦,2008,专辑
周杰伦_0_0,2000-2005,周杰伦,2008,专辑
周杰伦_0_0,2000-2005,周杰伦,2008,专辑
周杰伦_0_0,2000-2005,周杰伦,2008,专辑
周杰伦_0_0,2000-2005,周杰伦,2008,专辑
周杰伦_0_0,2000-2005,周杰伦,2008,专辑
周杰伦_0_0,2000-2005,周杰伦,2008,专辑
周杰伦_0_0,2000-2005,周杰伦,2008,专辑
周杰伦_0_0,2000-2005,周杰伦,2008,专辑
周杰伦_0_0,2000-2005,周杰伦,2008,专辑
周杰伦_0_0,2000-2005,周杰伦,2008,专辑
周杰伦_0_0,2000-2005,周杰伦,2008,专辑
周杰伦_0_0,2000-2005,周杰伦,2008,专辑
周杰伦_0_0,2000-2005,周杰伦,2008,专辑
周杰伦_0_0,2000-2005,周杰伦,2008,专辑
周杰伦_0_0,2000-2005,周杰伦,2008,专辑
周杰伦_0_0,2000-2005,周杰伦,2010,专辑
周杰伦_0_0,2000-2005,周杰伦,2010,专辑
周杰伦_0_0,2000-2005,周杰伦,2010,专辑
周杰伦_0_0,2000-2005,周杰伦,2010,专辑
周杰伦_0_0,2000-2005,周杰伦,2010,专辑
周杰伦_0_0,2000-2005,周杰伦,2010,专辑
周杰伦_0_0,2000-2005,周杰伦,2010,专辑
周杰伦_0_0,2000-2005,周杰伦,2010,专辑
周杰伦_0_0,2000-2005,周杰伦,2010,专辑
周杰伦_0_0,2000-2005,周杰伦,2010,专辑
周杰伦_0_0,2000-2005,周杰伦,2010,专辑
周杰伦_0_0,2000-2005,周杰伦,2011,专辑
周杰伦_0_0,2000-2005,周杰伦,2011,专辑
周杰伦_0_0,2000-2005,周杰伦,2011,专辑
周杰伦_0_0,2000-2005,周杰伦,2011,专辑
周杰伦_0_0,2000-2005,周杰伦,2011,专辑
周杰伦_0_0,2000-2005,周杰伦,2011,专辑
周杰伦_0_0,2000-2005,周杰伦,2011,专辑
周杰伦_0_0,2000-2005,周杰伦,2011,专辑
周杰伦_0_0,2000-2005,周杰伦,2011,专辑
周杰伦_0_0,2000-2005,周杰伦,2011,专辑
周杰伦_0_0,2000-2005,周杰伦,2011,专辑
周杰伦_0_0,2000-2005,周杰伦,2011,专辑
周杰伦_0_0,2000-2005,周杰伦,2011,专辑
周杰伦_0_0,2000-2005,周杰伦,2011,专辑
周杰伦_0_0,2000-2005,周杰伦,2011,专辑
周杰伦_0_0,2000-2005,周杰伦,2011,专辑
周杰伦_0_0,2000-2005,周杰伦,2011,专辑
周杰伦_0_0,2000-2005,周杰伦,2011,专辑
周杰伦_0_0,2000-2005,周杰伦,2011,专辑
周杰伦_0_0,2000-2005,周杰伦,2011,专辑
周杰伦_0_0,2000-2005,周杰伦,2011,专辑
周杰伦_0_0,2000-2005,周杰伦,2011,专辑
周杰伦_0_0,2000-2005,周杰伦,2011,专辑
周杰伦_0_0,2000-2005,周杰伦,2011,专辑
周杰伦_0_0,2000-2005,周杰伦,2011,专辑
周杰伦_0_0,2000-2005,周杰伦,2011,专辑
周杰伦_0_0,2000-2005,周杰伦,2011,专辑
周杰伦_0_0,2000-2005,周杰伦,2011,专辑
周杰伦_0_0,2000-2005,周杰伦,2011,专辑
周杰伦_0_0,2000-2005,周杰伦,2011,专辑
周杰伦_0_0,2000-2005,周杰伦,2011,专辑
周杰伦_0_0,2000-2005,周杰伦,2011,专辑
周杰伦_0_0,2000-2005,周杰伦,2011,专辑
周杰伦_0_0,2000-2005,周杰伦,2011,专辑
周杰伦_0_0,2000-2005,周杰伦,2011,专辑
周杰伦_0_0,2000-2005,周杰伦,2012,专辑
周杰伦_0_0,2000-2005,周杰伦,2012,专辑
周杰伦_0_0,2000-2005,周杰伦,2012,专辑
周杰伦_0_0,2000-2005,周杰伦,2012,专辑
周杰伦_0_0,2000-2005,周杰伦,2012,专辑
周杰伦_0_0,2000-2005,周杰伦,2012,专辑
周杰伦_0_0,2000-2005,周杰伦,2012,专辑
周杰伦_0_0,2000-2005,周杰伦,2012,专辑
周杰伦_0_0,2000-2005,周杰伦,2012,专辑
周杰伦_0_0,2000-2005,周杰伦,2012,专辑
周杰伦_0_0,2000-2005,周杰伦,2012,专辑
周杰伦_0_0,2000-2005,周杰伦,2012,专辑
周杰伦_0_0,2000-2005,周杰伦,2014,专辑
周杰伦_0_0,2000-2005,周杰伦,2014,专辑
周杰伦_0_0,2000-2005,周杰伦,2014,专辑
周杰伦_0_0,2000-2005,周杰伦,2014,专辑
周杰伦_0_0,2000-2005,周杰伦,2014,专辑
周杰伦_0_0,2000-2005,周杰伦,2014,专辑
周杰伦_0_0,2000-2005,周杰伦,2014,专辑
周杰伦_0_0,2000-2005,周杰伦,2014,专辑
周杰伦_0_0,2000-2005,周杰伦,2014,专辑
周杰伦_0_0,2000-2005,周杰伦,2014,专辑
周杰伦_0_0,2000-2005,周杰伦,2014,专辑
周杰伦_0_0,2000-2005,周杰伦,2014,专辑
周杰伦_0_0,2000-2005,周杰伦,2016,商业
周杰伦_0_0,2000-2005,周杰伦,2016,专辑
周杰伦_0_0,2000-2005,周杰伦,2016,专辑
周杰伦_0_0,2000-2005,周杰伦,2016,专辑
周杰伦_0_0,2000-2005,周杰伦,2016,专辑
周杰伦_0_0,2000-2005,周杰伦,2016,专辑
周杰伦_0_0,2000-2005,周杰伦,2016,专辑
周杰伦_0_0,2000-2005,周杰伦,2016,专辑
周杰伦_0_0,2000-2005,周杰伦,2016,专辑
周杰伦_0_0,2000-2005,周杰伦,2016,专辑
周杰伦_0_0,2000-2005,周杰伦,2016,专辑
周杰伦_0_0,2000-2005,周杰伦,2016,专辑
周杰伦_0_0,2000-2005,周杰伦,2016,专辑
周杰伦_0_0,2000-2005,周杰伦,2016,专辑
周杰伦_0_0,2000-2005,周杰伦,2016,专辑
周杰伦_0_0,2000-2005,周杰伦,2016,专辑
周杰伦_0_0,2000-2005,周杰伦,2016,专辑
周杰伦_0_0,2000-2005,周杰伦,2016,专辑
周杰伦_0_0,2000-2005,周杰伦,2016,专辑
周杰伦_0_0,2000-2005,周杰伦,2016,专辑
周杰伦_0_0,2000-2005,周杰伦,2016,专辑
周杰伦_0_0,2000-2005,周杰伦,2016,专辑
周杰伦_0_0,2000-2005,周杰伦,2016,专辑
周杰伦_0_0,2000-2005,周杰伦,2016,专辑
周杰伦_0_0,2000-2005,周杰伦,2016,专辑
周杰伦_0_0,2000-2005,周杰伦,2016,专辑
周杰伦_0_0,2000-2005,周杰伦,2016,专辑
周杰伦_0_0,2000-2005,周杰伦,2016,专辑
周杰伦_0_0,2000-2005,周杰伦,2016,专辑
周杰伦_0_0,2000-2005,周杰伦,2016,专辑
周杰伦_0_0,2000-2005,周杰伦,2016,专辑
周杰伦_0_0,2000-2005,周杰伦,2016,专辑
周杰伦_0_0,2000-2005,周杰伦,2016,专辑
周杰伦_0_0,2000-2005,周杰伦,2018,专辑
周杰伦_0_0,2000-2005,周杰伦,2018,专辑
周杰伦_0_0,2000-2005,周杰伦,2019,专辑
周杰伦_0_0,2000-2005,周杰伦,2019,专辑
周杰伦_0_0,2000-2005,周杰伦,2019,商业
周杰伦_0_0,2000-2005,周杰伦,2019,专辑
周杰伦_0_0,2000-2005,周杰伦,2019,专辑
周杰伦_0_0,2000-2005,周杰伦,2019,专辑
周杰伦_0_0,2000-2005,周杰伦,2019,专辑
周杰伦_0_0,2000-2005,周杰伦,2019,专辑
周杰伦_0_0,2000-2005,周杰伦,2019,专辑
周杰伦_0_0,2000-2005,周杰伦,2019,专辑
周杰伦_0_0,2000-2005,周杰伦,2019,专辑
周杰伦_0_0,2000-2005,周杰伦,2019,专辑
周杰伦_0_0,2000-2005,周杰伦,2019,专辑
周杰伦_0_0,2000-2005,周杰伦,2019,专辑
周杰伦_0_0,2000-2005,周杰伦,2019,专辑
周杰伦_0_0,2000-2005,周杰伦,2019,专辑
周杰伦_0_0,2000-2005,周杰伦,2019,专辑
周杰伦_0_0,2000-2005,周杰伦,2019,专辑
周杰伦_0_0,2000-2005,周杰伦,2019,专辑
周杰伦_0_0,2000-2005,周杰伦,2019,专辑
周杰伦_0_0,2000-2005,周杰伦,2019,专辑
周杰伦_0_0,2000-2005,周杰伦,2019,专辑
周杰伦_0_0,2000-2005,周杰伦,2019,专辑
周杰伦_0_0,2000-2005,周杰伦,2019,专辑
周杰伦_0_0,2000-2005,周杰伦,2019,专辑
周杰伦_0_0,2000-2005,周杰伦,2019,专辑
周杰伦_0_0,2000-2005,周杰伦,2019,专辑
张杰_0_1,2000-2005,张杰,2005,专辑
张杰_0_1,2000-2005,张杰,2005,专辑
张杰_0_1,2000-2005,张杰,2005,专辑
张杰_0_1,2000-2005,张杰,2005,专辑
张杰_0_1,2000-2005,张杰,2005,专辑
张杰_0_1,2000-2005,张杰,2005,专辑
张杰_0_1,2000-2005,张杰,2005,专辑
张杰_0_1,2000-2005,张杰,2005,专辑
张杰_0_1,2000-2005,张杰,2005,专辑
张杰_0_1,2000-2005,张杰,2005,专辑
张杰_0_1,2000-2005,张杰,2006,专辑
张杰_0_1,2000-2005,张杰,2006,专辑
张杰_0_1,2000-2005,张杰,2006,专辑
张杰_0_1,2000-2005,张杰,2006,专辑
张杰_0_1,2000-2005,张杰,2006,专辑
张杰_0_1,2000-2005,张杰,2006,专辑
张杰_0_1,2000-2005,张杰,2006,专辑
张杰_0_1,2000-2005,张杰,2006,专辑
张杰_0_1,2000-2005,张杰,2006,专辑
张杰_0_1,2000-2005,张杰,2006,专辑
张杰_0_1,2000-2005,张杰,2006,专辑
张杰_0_1,2000-2005,张杰,2006,专辑
张杰_0_1,2000-2005,张杰,2007,专辑
张杰_0_1,2000-2005,张杰,2007,专辑
张杰_0_1,2000-2005,张杰,2007,专辑
张杰_0_1,2000-2005,张杰,2007,专辑
张杰_0_1,2000-2005,张杰,2008,专辑
张杰_0_1,2000-2005,张杰,2008,专辑
张杰_0_1,2000-2005,张杰,2008,专辑
张杰_0_1,2000-2005,张杰,2008,专辑
张杰_0_1,2000-2005,张杰,2008,专辑
张杰_0_1,2000-2005,张杰,2008,专辑
张杰_0_1,2000-2005,张杰,2008,专辑
张杰_0_1,2000-2005,张杰,2008,专辑
张杰_0_1,2000-2005,张杰,2008,专辑
张杰_0_1,2000-2005,张杰,2008,专辑
张杰_0_1,2000-2005,张杰,2009,专辑
张杰_0_1,2000-2005,张杰,2009,专辑
张杰_0_1,2000-2005,张杰,2009,专辑
张杰_0_1,2000-2005,张杰,2009,专辑
张杰_0_1,2000-2005,张杰,2009,专辑
张杰_0_1,2000-2005,张杰,2009,专辑
张杰_0_1,2000-2005,张杰,2009,专辑
张杰_0_1,2000-2005,张杰,2010,商业
张杰_0_1,2000-2005,张杰,2010,商业
张杰_0_1,2000-2005,张杰,2010,商业
张杰_0_1,2000-2005,张杰,2010,商业
张杰_0_1,2000-2005,张杰,2010,商业
张杰_0_1,2000-2005,张杰,2010,专辑
张杰_0_1,2000-2005,张杰,2010,专辑
张杰_0_1,2000-2005,张杰,2010,专辑
张杰_0_1,2000-2005,张杰,2010,专辑
张杰_0_1,2000-2005,张杰,2010,专辑
张杰_0_1,2000-2005,张杰,2010,专辑
张杰_0_1,2000-2005,张杰,2010,专辑
张杰_0_1,2000-2005,张杰,2010,专辑
张杰_0_1,2000-2005,张杰,2010,专辑
张杰_0_1,2000-2005,张杰,2010,专辑
张杰_0_1,2000-2005,张杰,2011,商业
张杰_0_1,2000-2005,张杰,2011,商业
张杰_0_1,2000-2005,张杰,2011,商业
张杰_0_1,2000-2005,张杰,2011,专辑
张杰_0_1,2000-2005,张杰,2011,商业
张杰_0_1,2000-2005,张杰,2011,专辑
张杰_0_1,2000-2005,张杰,2011,专辑
张杰_0_1,2000-2005,张杰,2011,专辑
张杰_0_1,2000-2005,张杰,2011,专辑
张杰_0_1,2000-2005,张杰,2011,专辑
张杰_0_1,2000-2005,张杰,2011,专辑
张杰_0_1,2000-2005,张杰,2011,专辑
张杰_0_1,2000-2005,张杰,2011,专辑
张杰_0_1,2000-2005,张杰,2011,专辑
张杰_0_1,2000-2005,张杰,2012,专辑
张杰_0_1,2000-2005,张杰,2012,翻唱
张杰_0_1,2000-2005,张杰,2012,专辑
张杰_0_1,2000-2005,张杰,2012,专辑
张杰_0_1,2000-2005,张杰,2012,专辑
张杰_0_1,2000-2005,张杰,2012,专辑
张杰_0_1,2000-2005,张杰,2012,专辑
张杰_0_1,2000-2005,张杰,2012,专辑
张杰_0_1,2000-2005,张杰,2012,专辑
张杰_0_1,2000-2005,张杰,2012,专辑
张杰_0_1,2000-2005,张杰,2012,专辑
张杰_0_1,2000-2005,张杰,2012,专辑
张杰_0_1,2000-2005,张杰,2012,专辑
张杰_0_1,2000-2005,张杰,2012,专辑
张杰_0_1,2000-2005,张杰,2012,专辑
张杰_0_1,2000-2005,张杰,2012,专辑
张杰_0_1,2000-2005,张杰,2012,专辑
张杰_0_1,2000-2005,张杰,2012,专辑
张杰_0_1,2000-2005,张杰,2012,专辑
张杰_0_1,2000-2005,张杰,2012,专辑
张杰_0_1,2000-2005,张杰,2012,专辑
张杰_0_1,2000-2005,张杰,2012,专辑
张杰_0_1,2000-2005,张杰,2012,专辑
张杰_0_1,2000-2005,张杰,2012,专辑
张杰_0_1,2000-2005,张杰,2012,专辑
张杰_0_1,2000-2005,张杰,2012,专辑
张杰_0_1,2000-2005,张杰,2012,专辑
张杰_0_1,2000-2005,张杰,2012,专辑
张杰_0_1,2000-2005,张杰,2012,专辑
张杰_0_1,2000-2005,张杰,2012,专辑
张杰_0_1,2000-2005,张杰,2012,专辑
张杰_0_1,2000-2005,张杰,2012,专辑
张杰_0_1,2000-2005,张杰,2012,专辑
张杰_0_1,2000-2005,张杰,2012,专辑
张杰_0_1,2000-2005,张杰,2012,专辑
张杰_0_1,2000-2005,张杰,2012,专辑
张杰_0_1,2000-2005,张杰,2012,专辑
张杰_0_1,2000-2005,张杰,2012,专辑
张杰_0_1,2000-2005,张杰,2012,专辑
张杰_0_1,2000-2005,张杰,2012,专辑
张杰_0_1,2000-2005,张杰,2012,专辑
张杰_0_1,2000-2005,张杰,2012,专辑
张杰_0_1,2000-2005,张杰,2012,专辑
张杰_0_1,2000-2005,张杰,2012,专辑
张杰_0_1,2000-2005,张杰,2012,专辑
张杰_0_1,2000-2005,张杰,2012,专辑
张杰_0_1,2000-2005,张杰,2012,专辑
张杰_0_1,2000-2005,张杰,2012,专辑
张杰_0_1,2000-2005,张杰,2012,翻唱
张杰_0_1,2000-2005,张杰,2012,翻唱
张杰_0_1,2000-2005,张杰,2012,翻唱
张杰_0_1,2000-2005,张杰,2012,翻唱
张杰_0_1,2000-2005,张杰,2012,翻唱
张杰_0_1,2000-2005,张杰,2012,翻唱
张杰_0_1,2000-2005,张杰,2012,翻唱
张杰_0_1,2000-2005,张杰,2012,翻唱
张杰_0_1,2000-2005,张杰,2012,翻唱
张杰_0_1,2000-2005,张杰,2013,专辑
张杰_0_1,2000-2005,张杰,2013,专辑
张杰_0_1,2000-2005,张杰,2013,专辑
张杰_0_1,2000-2005,张杰,2013,专辑
张杰_0_1,2000-2005,张杰,2013,专辑
张杰_0_1,2000-2005,张杰,2013,专辑
张杰_0_1,2000-2005,张杰,2013,专辑
张杰_0_1,2000-2005,张杰,2013,专辑
张杰_0_1,2000-2005,张杰,2013,专辑
张杰_0_1,2000-2005,张杰,2014,商业
张杰_0_1,2000-2005,张杰,2015,专辑
张杰_0_1,2000-2005,张杰,2015,专辑
张杰_0_1,2000-2005,张杰,2015,商业
张杰_0_1,2000-2005,张杰,2015,商业
张杰_0_1,2000-2005,张杰,2015,商业
张杰_0_1,2000-2005,张杰,2015,商业
张杰_0_1,2000-2005,张杰,2015,商业
张杰_0_1,2000-2005,张杰,2015,专辑
张杰_0_1,2000-2005,张杰,2015,专辑
张杰_0_1,2000-2005,张杰,2015,专辑
张杰_0_1,2000-2005,张杰,2015,专辑
张杰_0_1,2000-2005,张杰,2015,专辑
张杰_0_1,2000-2005,张杰,2015,专辑
张杰_0_1,2000-2005,张杰,2015,专辑
张杰_0_1,2000-2005,张杰,2015,专辑
张杰_0_1,2000-2005,张杰,2015,专辑
张杰_0_1,2000-2005,张杰,2015,专辑
张杰_0_1,2000-2005,张杰,2015,专辑
张杰_0_1,2000-2005,张杰,2015,专辑
张杰_0_1,2000-2005,张杰,2015,专辑
张杰_0_1,2000-2005,张杰,2015,商业
张杰_0_1,2000-2005,张杰,2016,专辑
张杰_0_1,2000-2005,张杰,2016,商业
张杰_0_1,2000-2005,张杰,2016,专辑
张杰_0_1,2000-2005,张杰,2016,商业
张杰_0_1,2000-2005,张杰,2016,商业
张杰_0_1,2000-2005,张杰,2016,专辑
张杰_0_1,2000-2005,张杰,2016,专辑
张杰_0_1,2000-2005,张杰,2017,商业
张杰_0_1,2000-2005,张杰,2017,商业
张杰_0_1,2000-2005,张杰,2017,商业
张杰_0_1,2000-2005,张杰,2018,商业
张杰_0_1,2000-2005,张杰,2018,专辑
张杰_0_1,2000-2005,张杰,2018,商业
张杰_0_1,2000-2005,张杰,2018,商业
张杰_0_1,2000-2005,张杰,2018,商业
张杰_0_1,2000-2005,张杰,2018,专辑
张杰_0_1,2000-2005,张杰,2018,商业
张杰_0_1,2000-2005,张杰,2018,专辑
张杰_0_1,2000-2005,张杰,2018,商业
张杰_0_1,2000-2005,张杰,2018,商业
张杰_0_1,2000-2005,张杰,2018,专辑
张杰_0_1,2000-2005,张杰,2018,商业
张杰_0_1,2000-2005,张杰,2018,专辑
张杰_0_1,2000-2005,张杰,2018,专辑
张杰_0_1,2000-2005,张杰,2018,专辑
张杰_0_1,2000-2005,张杰,2018,专辑
张杰_0_1,2000-2005,张杰,2018,商业
张杰_0_1,2000-2005,张杰,2018,专辑
张杰_0_1,2000-2005,张杰,2018,专辑
张杰_0_1,2000-2005,张杰,2018,专辑
张杰_0_1,2000-2005,张杰,2018,专辑
张杰_0_1,2000-2005,张杰,2018,专辑
张杰_0_1,2000-2005,张杰,2018,专辑
张杰_0_1,2000-2005,张杰,2018,专辑
张杰_0_1,2000-2005,张杰,2018,专辑
张杰_0_1,2000-2005,张杰,2018,专辑
张杰_0_1,2000-2005,张杰,2018,专辑
张杰_0_1,2000-2005,张杰,2018,专辑
张杰_0_1,2000-2005,张杰,2018,专辑
张杰_0_1,2000-2005,张杰,2018,专辑
张杰_0_1,2000-2005,张杰,2018,专辑
张杰_0_1,2000-2005,张杰,2018,专辑
张杰_0_1,2000-2005,张杰,2018,专辑
张杰_0_1,2000-2005,张杰,2018,专辑
张杰_0_1,2000-2005,张杰,2018,专辑
张杰_0_1,2000-2005,张杰,2018,专辑
张杰_0_1,2000-2005,张杰,2018,专辑
张杰_0_1,2000-2005,张杰,2018,专辑
张杰_0_1,2000-2005,张杰,2018,专辑
张杰_0_1,2000-2005,张杰,2018,专辑
张杰_0_1,2000-2005,张杰,2018,专辑
张杰_0_1,2000-2005,张杰,2018,专辑
张杰_0_1,2000-2005,张杰,2018,专辑
张杰_0_1,2000-2005,张杰,2018,专辑
张杰_0_1,2000-2005,张杰,2018,专辑
张杰_0_1,2000-2005,张杰,2018,专辑
张杰_0_1,2000-2005,张杰,2018,专辑
张杰_0_1,2000-2005,张杰,2018,专辑
张杰_0_1,2000-2005,张杰,2018,专辑
张杰_0_1,2000-2005,张杰,2018,专辑
张杰_0_1,2000-2005,张杰,2018,专辑
张杰_0_1,2000-2005,张杰,2018,专辑
张杰_0_1,2000-2005,张杰,2018,专辑
张杰_0_1,2000-2005,张杰,2018,专辑
张杰_0_1,2000-2005,张杰,2018,专辑
张杰_0_1,2000-2005,张杰,2019,专辑
张杰_0_1,2000-2005,张杰,2019,商业
张杰_0_1,2000-2005,张杰,2019,商业
张杰_0_1,2000-2005,张杰,2019,商业
张杰_0_1,2000-2005,张杰,2019,专辑
张杰_0_1,2000-2005,张杰,2019,商业
张杰_0_1,2000-2005,张杰,2019,专辑
张杰_0_1,2000-2005,张杰,2019,商业
张杰_0_1,2000-2005,张杰,2019,专辑
张杰_0_1,2000-2005,张杰,2019,专辑
张杰_0_1,2000-2005,张杰,2019,专辑
张杰_0_1,2000-2005,张杰,2019,专辑
张杰_0_1,2000-2005,张杰,2019,专辑
张杰_0_1,2000-2005,张杰,2019,专辑
张杰_0_1,2000-2005,张杰,2019,专辑
张杰_0_1,2000-2005,张杰,2019,专辑
张杰_0_1,2000-2005,张杰,2019,专辑
张杰_0_1,2000-2005,张杰,2019,专辑
张杰_0_1,2000-2005,张杰,2019,专辑
张杰_0_1,2000-2005,张杰,2019,专辑
张杰_0_1,2000-2005,张杰,2019,专辑
张杰_0_1,2000-2005,张杰,2019,专辑
张杰_0_1,2000-2005,张杰,2019,专辑
张杰_0_1,2000-2005,张杰,2019,专辑
张杰_0_1,2000-2005,张杰,2019,专辑
张杰_0_1,2000-2005,张杰,2019,专辑
张杰_0_1,2000-2005,张杰,2019,专辑
张杰_0_1,2000-2005,张杰,2019,专辑
张杰_0_1,2000-2005,张杰,2019,专辑
张杰_0_1,2000-2005,张杰,2019,专辑
张杰_0_1,2000-2005,张杰,2019,专辑
张杰_0_1,2000-2005,张杰,2019,专辑
张杰_0_1,2000-2005,张杰,2019,专辑
张杰_0_1,2000-2005,张杰,2019,专辑
张杰_0_1,2000-2005,张杰,2019,专辑
张杰_0_1,2000-2005,张杰,2019,专辑
杨坤_0_2,2000-2005,杨坤,2002,专辑
杨坤_0_2,2000-2005,杨坤,2002,专辑
杨坤_0_2,2000-2005,杨坤,2002,专辑
杨坤_0_2,2000-2005,杨坤,2002,专辑
杨坤_0_2,2000-2005,杨坤,2002,专辑
杨坤_0_2,2000-2005,杨坤,2002,专辑
杨坤_0_2,2000-2005,杨坤,2002,专辑
杨坤_0_2,2000-2005,杨坤,2002,专辑
杨坤_0_2,2000-2005,杨坤,2002,专辑
杨坤_0_2,2000-2005,杨坤,2002,专辑
杨坤_0_2,2000-2005,杨坤,2003,专辑
杨坤_0_2,2000-2005,杨坤,2003,专辑
杨坤_0_2,2000-2005,杨坤,2003,专辑
杨坤_0_2,2000-2005,杨坤,2003,专辑
杨坤_0_2,2000-2005,杨坤,2003,专辑
杨坤_0_2,2000-2005,杨坤,2003,专辑
杨坤_0_2,2000-2005,杨坤,2003,专辑
杨坤_0_2,2000-2005,杨坤,2003,专辑
杨坤_0_2,2000-2005,杨坤,2003,专辑
杨坤_0_2,2000-2005,杨坤,2003,专辑
杨坤_0_2,2000-2005,杨坤,2005,专辑
杨坤_0_2,2000-2005,杨坤,2005,专辑
杨坤_0_2,2000-2005,杨坤,2005,专辑
杨坤_0_2,2000-2005,杨坤,2005,专辑
杨坤_0_2,2000-2005,杨坤,2005,专辑
杨坤_0_2,2000-2005,杨坤,2005,专辑
杨坤_0_2,2000-2005,杨坤,2005,专辑
杨坤_0_2,2000-2005,杨坤,2005,专辑
杨坤_0_2,2000-2005,杨坤,2005,专辑
杨坤_0_2,2000-2005,杨坤,2005,专辑
杨坤_0_2,2000-2005,杨坤,2007,专辑
杨坤_0_2,2000-2005,杨坤,2007,商业
杨坤_0_2,2000-2005,杨坤,2007,专辑
杨坤_0_2,2000-2005,杨坤,2007,专辑
杨坤_0_2,2000-2005,杨坤,2007,专辑
杨坤_0_2,2000-2005,杨坤,2007,专辑
杨坤_0_2,2000-2005,杨坤,2007,专辑
杨坤_0_2,2000-2005,杨坤,2007,专辑
杨坤_0_2,2000-2005,杨坤,2007,专辑
杨坤_0_2,2000-2005,杨坤,2007,专辑
杨坤_0_2,2000-2005,杨坤,2007,专辑
杨坤_0_2,2000-2005,杨坤,2007,商业
杨坤_0_2,2000-2005,杨坤,2009,专辑
杨坤_0_2,2000-2005,杨坤,2009,商业
杨坤_0_2,2000-2005,杨坤,2009,专辑
杨坤_0_2,2000-2005,杨坤,2009,专辑
杨坤_0_2,2000-2005,杨坤,2009,专辑
杨坤_0_2,2000-2005,杨坤,2009,专辑
杨坤_0_2,2000-2005,杨坤,2009,专辑
杨坤_0_2,2000-2005,杨坤,2009,专辑
杨坤_0_2,2000-2005,杨坤,2009,专辑
杨坤_0_2,2000-2005,杨坤,2009,专辑
杨坤_0_2,2000-2005,杨坤,2009,专辑
杨坤_0_2,2000-2005,杨坤,2010,专辑
杨坤_0_2,2000-2005,杨坤,2010,专辑
杨坤_0_2,2000-2005,杨坤,2010,专辑
杨坤_0_2,2000-2005,杨坤,2010,专辑
杨坤_0_2,2000-2005,杨坤,2010,专辑
杨坤_0_2,2000-2005,杨坤,2010,专辑
杨坤_0_2,2000-2005,杨坤,2010,专辑
杨坤_0_2,2000-2005,杨坤,2010,专辑
杨坤_0_2,2000-2005,杨坤,2010,专辑
杨坤_0_2,2000-2005,杨坤,2012,专辑
杨坤_0_2,2000-2005,杨坤,2012,专辑
杨坤_0_2,2000-2005,杨坤,2012,专辑
杨坤_0_2,2000-2005,杨坤,2012,专辑
杨坤_0_2,2000-2005,杨坤,2012,专辑
杨坤_0_2,2000-2005,杨坤,2012,专辑
杨坤_0_2,2000-2005,杨坤,2012,专辑
杨坤_0_2,2000-2005,杨坤,2012,专辑
杨坤_0_2,2000-2005,杨坤,2012,专辑
杨坤_0_2,2000-2005,杨坤,2012,专辑
杨坤_0_2,2000-2005,杨坤,2012,专辑
杨坤_0_2,2000-2005,杨坤,2013,专辑
杨坤_0_2,2000-2005,杨坤,2013,商业
杨坤_0_2,2000-2005,杨坤,2014,专辑
杨坤_0_2,2000-2005,杨坤,2014,专辑
杨坤_0_2,2000-2005,杨坤,2014,专辑
杨坤_0_2,2000-2005,杨坤,2014,专辑
杨坤_0_2,2000-2005,杨坤,2014,专辑
杨坤_0_2,2000-2005,杨坤,2014,专辑
杨坤_0_2,2000-2005,杨坤,2014,专辑
杨坤_0_2,2000-2005,杨坤,2014,专辑
杨坤_0_2,2000-2005,杨坤,2014,专辑
杨坤_0_2,2000-2005,杨坤,2014,专辑
杨坤_0_2,2000-2005,杨坤,2014,专辑
杨坤_0_2,2000-2005,杨坤,2014,专辑
杨坤_0_2,2000-2005,杨坤,2014,专辑
杨坤_0_2,2000-2005,杨坤,2014,专辑
杨坤_0_2,2000-2005,杨坤,2014,专辑
杨坤_0_2,2000-2005,杨坤,2014,专辑
杨坤_0_2,2000-2005,杨坤,2014,专辑
杨坤_0_2,2000-2005,杨坤,2014,专辑
杨坤_0_2,2000-2005,杨坤,2014,专辑
杨坤_0_2,2000-2005,杨坤,2014,专辑
杨坤_0_2,2000-2005,杨坤,2014,专辑
杨坤_0_2,2000-2005,杨坤,2014,专辑
杨坤_0_2,2000-2005,杨坤,2014,专辑
杨坤_0_2,2000-2005,杨坤,2014,专辑
杨坤_0_2,2000-2005,杨坤,2014,专辑
杨坤_0_2,2000-2005,杨坤,2014,专辑
杨坤_0_2,2000-2005,杨坤,2014,专辑
杨坤_0_2,2000-2005,杨坤,2014,专辑
杨坤_0_2,2000-2005,杨坤,2014,专辑
杨坤_0_2,2000-2005,杨坤,2014,专辑
杨坤_0_2,2000-2005,杨坤,2014,专辑
杨坤_0_2,2000-2005,杨坤,2014,专辑
杨坤_0_2,2000-2005,杨坤,2014,专辑
杨坤_0_2,2000-2005,杨坤,2014,专辑
杨坤_0_2,2000-2005,杨坤,2014,专辑
杨坤_0_2,2000-2005,杨坤,2016,商业
杨坤_0_2,2000-2005,杨坤,2016,专辑
杨坤_0_2,2000-2005,杨坤,2017,专辑
杨坤_0_2,2000-2005,杨坤,2017,专辑
杨坤_0_2,2000-2005,杨坤,2017,专辑
杨坤_0_2,2000-2005,杨坤,2017,专辑
杨坤_0_2,2000-2005,杨坤,2017,专辑
杨坤_0_2,2000-2005,杨坤,2017,专辑
杨坤_0_2,2000-2005,杨坤,2017,专辑
杨坤_0_2,2000-2005,杨坤,2017,专辑
杨坤_0_2,2000-2005,杨坤,2017,专辑
杨坤_0_2,2000-2005,杨坤,2017,专辑
杨坤_0_2,2000-2005,杨坤,2017,专辑
杨坤_0_2,2000-2005,杨坤,2017,专辑
杨坤_0_2,2000-2005,杨坤,2018,专辑
杨坤_0_2,2000-2005,杨坤,2019,商业
杨坤_0_2,2000-2005,杨坤,2019,专辑
杨坤_0_2,2000-2005,杨坤,2019,专辑
杨坤_0_2,2000-2005,杨坤,2019,商业
杨坤_0_2,2000-2005,杨坤,2019,专辑
林俊杰_0_3,2000-2005,林俊杰,2003,专辑
林俊杰_0_3,2000-2005,林俊杰,2003,专辑
林俊杰_0_3,2000-2005,林俊杰,2003,专辑
林俊杰_0_3,2000-2005,林俊杰,2003,专辑
林俊杰_0_3,2000-2005,林俊杰,2003,专辑
林俊杰_0_3,2000-2005,林俊杰,2003,专辑
林俊杰_0_3,2000-2005,林俊杰,2003,专辑
林俊杰_0_3,2000-2005,林俊杰,2003,专辑
林俊杰_0_3,2000-2005,林俊杰,2003,专辑
林俊杰_0_3,2000-2005,林俊杰,2003,专辑
林俊杰_0_3,2000-2005,林俊杰,2003,专辑
林俊杰_0_3,2000-2005,林俊杰,2004,专辑
林俊杰_0_3,2000-2005,林俊杰,2004,专辑
林俊杰_0_3,2000-2005,林俊杰,2004,专辑
林俊杰_0_3,2000-2005,林俊杰,2004,专辑
林俊杰_0_3,2000-2005,林俊杰,2004,专辑
林俊杰_0_3,2000-2005,林俊杰,2004,专辑
林俊杰_0_3,2000-2005,林俊杰,2004,专辑
林俊杰_0_3,2000-2005,林俊杰,2004,专辑
林俊杰_0_3,2000-2005,林俊杰,2004,专辑
林俊杰_0_3,2000-2005,林俊杰,2004,专辑
林俊杰_0_3,2000-2005,林俊杰,2004,专辑
林俊杰_0_3,2000-2005,林俊杰,2004,专辑
林俊杰_0_3,2000-2005,林俊杰,2004,专辑
林俊杰_0_3,2000-2005,林俊杰,2004,专辑
林俊杰_0_3,2000-2005,林俊杰,2004,专辑
林俊杰_0_3,2000-2005,林俊杰,2005,专辑
林俊杰_0_3,2000-2005,林俊杰,2005,专辑
林俊杰_0_3,2000-2005,林俊杰,2005,专辑
林俊杰_0_3,2000-2005,林俊杰,2005,专辑
林俊杰_0_3,2000-2005,林俊杰,2005,专辑
林俊杰_0_3,2000-2005,林俊杰,2005,专辑
林俊杰_0_3,2000-2005,林俊杰,2005,专辑
林俊杰_0_3,2000-2005,林俊杰,2005,专辑
林俊杰_0_3,2000-2005,林俊杰,2005,专辑
林俊杰_0_3,2000-2005,林俊杰,2005,专辑
林俊杰_0_3,2000-2005,林俊杰,2005,专辑
林俊杰_0_3,2000-2005,林俊杰,2005,专辑
林俊杰_0_3,2000-2005,林俊杰,2006,专辑
林俊杰_0_3,2000-2005,林俊杰,2006,专辑
林俊杰_0_3,2000-2005,林俊杰,2006,专辑
林俊杰_0_3,2000-2005,林俊杰,2006,专辑
林俊杰_0_3,2000-2005,林俊杰,2006,专辑
林俊杰_0_3,2000-2005,林俊杰,2006,专辑
林俊杰_0_3,2000-2005,林俊杰,2006,专辑
林俊杰_0_3,2000-2005,林俊杰,2006,专辑
林俊杰_0_3,2000-2005,林俊杰,2006,专辑
林俊杰_0_3,2000-2005,林俊杰,2006,专辑
林俊杰_0_3,2000-2005,林俊杰,2006,专辑
林俊杰_0_3,2000-2005,林俊杰,2006,专辑
林俊杰_0_3,2000-2005,林俊杰,2006,专辑
林俊杰_0_3,2000-2005,林俊杰,2006,专辑
林俊杰_0_3,2000-2005,林俊杰,2006,专辑
林俊杰_0_3,2000-2005,林俊杰,2006,专辑
林俊杰_0_3,2000-2005,林俊杰,2006,专辑
林俊杰_0_3,2000-2005,林俊杰,2006,专辑
林俊杰_0_3,2000-2005,林俊杰,2006,专辑
林俊杰_0_3,2000-2005,林俊杰,2006,专辑
林俊杰_0_3,2000-2005,林俊杰,2006,专辑
林俊杰_0_3,2000-2005,林俊杰,2006,专辑
林俊杰_0_3,2000-2005,林俊杰,2006,专辑
林俊杰_0_3,2000-2005,林俊杰,2006,专辑
林俊杰_0_3,2000-2005,林俊杰,2006,专辑
林俊杰_0_3,2000-2005,林俊杰,2006,专辑
林俊杰_0_3,2000-2005,林俊杰,2006,专辑
林俊杰_0_3,2000-2005,林俊杰,2006,专辑
林俊杰_0_3,2000-2005,林俊杰,2006,专辑
林俊杰_0_3,2000-2005,林俊杰,2006,专辑
林俊杰_0_3,2000-2005,林俊杰,2006,专辑
林俊杰_0_3,2000-2005,林俊杰,2006,专辑
林俊杰_0_3,2000-2005,林俊杰,2006,专辑
林俊杰_0_3,2000-2005,林俊杰,2006,专辑
林俊杰_0_3,2000-2005,林俊杰,2006,专辑
林俊杰_0_3,2000-2005,林俊杰,2007,专辑
林俊杰_0_3,2000-2005,林俊杰,2007,专辑
林俊杰_0_3,2000-2005,林俊杰,2007,商业
林俊杰_0_3,2000-2005,林俊杰,2007,专辑
林俊杰_0_3,2000-2005,林俊杰,2007,专辑
林俊杰_0_3,2000-2005,林俊杰,2007,专辑
林俊杰_0_3,2000-2005,林俊杰,2007,专辑
林俊杰_0_3,2000-2005,林俊杰,2007,专辑
林俊杰_0_3,2000-2005,林俊杰,2007,专辑
林俊杰_0_3,2000-2005,林俊杰,2007,专辑
林俊杰_0_3,2000-2005,林俊杰,2007,专辑
林俊杰_0_3,2000-2005,林俊杰,2007,专辑
林俊杰_0_3,2000-2005,林俊杰,2007,专辑
林俊杰_0_3,2000-2005,林俊杰,2007,专辑
林俊杰_0_3,2000-2005,林俊杰,2007,专辑
林俊杰_0_3,2000-2005,林俊杰,2007,专辑
林俊杰_0_3,2000-2005,林俊杰,2007,专辑
林俊杰_0_3,2000-2005,林俊杰,2007,专辑
林俊杰_0_3,2000-2005,林俊杰,2007,专辑
林俊杰_0_3,2000-2005,林俊杰,2007,专辑
林俊杰_0_3,2000-2005,林俊杰,2007,专辑
林俊杰_0_3,2000-2005,林俊杰,2007,专辑
林俊杰_0_3,2000-2005,林俊杰,2007,专辑
林俊杰_0_3,2000-2005,林俊杰,2007,专辑
林俊杰_0_3,2000-2005,林俊杰,2007,专辑
林俊杰_0_3,2000-2005,林俊杰,2007,专辑
林俊杰_0_3,2000-2005,林俊杰,2007,专辑
林俊杰_0_3,2000-2005,林俊杰,2007,专辑
林俊杰_0_3,2000-2005,林俊杰,2007,专辑
林俊杰_0_3,2000-2005,林俊杰,2007,专辑
林俊杰_0_3,2000-2005,林俊杰,2007,专辑
林俊杰_0_3,2000-2005,林俊杰,2007,专辑
林俊杰_0_3,2000-2005,林俊杰,2007,专辑
林俊杰_0_3,2000-2005,林俊杰,2007,专辑
林俊杰_0_3,2000-2005,林俊杰,2007,专辑
林俊杰_0_3,2000-2005,林俊杰,2007,专辑
林俊杰_0_3,2000-2005,林俊杰,2007,专辑
林俊杰_0_3,2000-2005,林俊杰,2007,专辑
林俊杰_0_3,2000-2005,林俊杰,2007,专辑
林俊杰_0_3,2000-2005,林俊杰,2007,专辑
林俊杰_0_3,2000-2005,林俊杰,2007,专辑
林俊杰_0_3,2000-2005,林俊杰,2007,专辑
林俊杰_0_3,2000-2005,林俊杰,2008,商业
林俊杰_0_3,2000-2005,林俊杰,2008,专辑
林俊杰_0_3,2000-2005,林俊杰,2008,专辑
林俊杰_0_3,2000-2005,林俊杰,2008,专辑
林俊杰_0_3,2000-2005,林俊杰,2008,专辑
林俊杰_0_3,2000-2005,林俊杰,2008,专辑
林俊杰_0_3,2000-2005,林俊杰,2008,专辑
林俊杰_0_3,2000-2005,林俊杰,2008,专辑
林俊杰_0_3,2000-2005,林俊杰,2008,专辑
林俊杰_0_3,2000-2005,林俊杰,2008,专辑
林俊杰_0_3,2000-2005,林俊杰,2008,专辑
林俊杰_0_3,2000-2005,林俊杰,2008,专辑
林俊杰_0_3,2000-2005,林俊杰,2008,专辑
林俊杰_0_3,2000-2005,林俊杰,2008,专辑
林俊杰_0_3,2000-2005,林俊杰,2008,专辑
林俊杰_0_3,2000-2005,林俊杰,2008,专辑
林俊杰_0_3,2000-2005,林俊杰,2009,专辑
林俊杰_0_3,2000-2005,林俊杰,2009,专辑
林俊杰_0_3,2000-2005,林俊杰,2009,专辑
林俊杰_0_3,2000-2005,林俊杰,2009,专辑
林俊杰_0_3,2000-2005,林俊杰,2009,专辑
林俊杰_0_3,2000-2005,林俊杰,2009,专辑
林俊杰_0_3,2000-2005,林俊杰,2009,专辑
林俊杰_0_3,2000-2005,林俊杰,2009,专辑
林俊杰_0_3,2000-2005,林俊杰,2009,专辑
林俊杰_0_3,2000-2005,林俊杰,2009,专辑
林俊杰_0_3,2000-2005,林俊杰,2009,专辑
林俊杰_0_3,2000-2005,林俊杰,2009,专辑
林俊杰_0_3,2000-2005,林俊杰,2009,专辑
林俊杰_0_3,2000-2005,林俊杰,2010,商业
林俊杰_0_3,2000-2005,林俊杰,2010,商业
林俊杰_0_3,2000-2005,林俊杰,2010,专辑
林俊杰_0_3,2000-2005,林俊杰,2010,专辑
林俊杰_0_3,2000-2005,林俊杰,2010,专辑
林俊杰_0_3,2000-2005,林俊杰,2010,专辑
林俊杰_0_3,2000-2005,林俊杰,2010,专辑
林俊杰_0_3,2000-2005,林俊杰,2010,专辑
林俊杰_0_3,2000-2005,林俊杰,2010,专辑
林俊杰_0_3,2000-2005,林俊杰,2010,专辑
林俊杰_0_3,2000-2005,林俊杰,2010,专辑
林俊杰_0_3,2000-2005,林俊杰,2010,专辑
林俊杰_0_3,2000-2005,林俊杰,2010,专辑
林俊杰_0_3,2000-2005,林俊杰,2010,专辑
林俊杰_0_3,2000-2005,林俊杰,2010,专辑
林俊杰_0_3,2000-2005,林俊杰,2010,专辑
林俊杰_0_3,2000-2005,林俊杰,2010,专辑
林俊杰_0_3,2000-2005,林俊杰,2010,专辑
林俊杰_0_3,2000-2005,林俊杰,2010,专辑
林俊杰_0_3,2000-2005,林俊杰,2010,专辑
林俊杰_0_3,2000-2005,林俊杰,2010,专辑
林俊杰_0_3,2000-2005,林俊杰,2010,专辑
林俊杰_0_3,2000-2005,林俊杰,2010,专辑
林俊杰_0_3,2000-2005,林俊杰,2010,专辑
林俊杰_0_3,2000-2005,林俊杰,2010,专辑
林俊杰_0_3,2000-2005,林俊杰,2010,专辑
林俊杰_0_3,2000-2005,林俊杰,2010,专辑
林俊杰_0_3,2000-2005,林俊杰,2010,专辑
林俊杰_0_3,2000-2005,林俊杰,2011,专辑
林俊杰_0_3,2000-2005,林俊杰,2011,专辑
林俊杰_0_3,2000-2005,林俊杰,2011,专辑
林俊杰_0_3,2000-2005,林俊杰,2011,专辑
林俊杰_0_3,2000-2005,林俊杰,2011,专辑
林俊杰_0_3,2000-2005,林俊杰,2011,专辑
林俊杰_0_3,2000-2005,林俊杰,2011,专辑
林俊杰_0_3,2000-2005,林俊杰,2011,专辑
林俊杰_0_3,2000-2005,林俊杰,2011,专辑
林俊杰_0_3,2000-2005,林俊杰,2011,专辑
林俊杰_0_3,2000-2005,林俊杰,2011,专辑
林俊杰_0_3,2000-2005,林俊杰,2011,专辑
林俊杰_0_3,2000-2005,林俊杰,2011,专辑
林俊杰_0_3,2000-2005,林俊杰,2011,专辑
林俊杰_0_3,2000-2005,林俊杰,2011,专辑
林俊杰_0_3,2000-2005,林俊杰,2011,专辑
林俊杰_0_3,2000-2005,林俊杰,2011,专辑
林俊杰_0_3,2000-2005,林俊杰,2011,专辑
林俊杰_0_3,2000-2005,林俊杰,2011,专辑
林俊杰_0_3,2000-2005,林俊杰,2011,专辑
林俊杰_0_3,2000-2005,林俊杰,2011,专辑
林俊杰_0_3,2000-2005,林俊杰,2011,专辑
林俊杰_0_3,2000-2005,林俊杰,2011,专辑
林俊杰_0_3,2000-2005,林俊杰,2011,专辑
林俊杰_0_3,2000-2005,林俊杰,2011,专辑
林俊杰_0_3,2000-2005,林俊杰,2011,专辑
林俊杰_0_3,2000-2005,林俊杰,2011,专辑
林俊杰_0_3,2000-2005,林俊杰,2011,专辑
林俊杰_0_3,2000-2005,林俊杰,2011,专辑
林俊杰_0_3,2000-2005,林俊杰,2011,专辑
林俊杰_0_3,2000-2005,林俊杰,2011,专辑
林俊杰_0_3,2000-2005,林俊杰,2011,专辑
林俊杰_0_3,2000-2005,林俊杰,2011,专辑
林俊杰_0_3,2000-2005,林俊杰,2011,专辑
林俊杰_0_3,2000-2005,林俊杰,2011,专辑
林俊杰_0_3,2000-2005,林俊杰,2011,专辑
林俊杰_0_3,2000-2005,林俊杰,2011,专辑
林俊杰_0_3,2000-2005,林俊杰,2011,专辑
林俊杰_0_3,2000-2005,林俊杰,2011,专辑
林俊杰_0_3,2000-2005,林俊杰,2011,专辑
林俊杰_0_3,2000-2005,林俊杰,2011,专辑
林俊杰_0_3,2000-2005,林俊杰,2012,专辑
林俊杰_0_3,2000-2005,林俊杰,2012,专辑
林俊杰_0_3,2000-2005,林俊杰,2012,专辑
林俊杰_0_3,2000-2005,林俊杰,2012,专辑
林俊杰_0_3,2000-2005,林俊杰,2012,专辑
林俊杰_0_3,2000-2005,林俊杰,2012,专辑
林俊杰_0_3,2000-2005,林俊杰,2012,专辑
林俊杰_0_3,2000-2005,林俊杰,2012,专辑
林俊杰_0_3,2000-2005,林俊杰,2012,专辑
林俊杰_0_3,2000-2005,林俊杰,2012,专辑
林俊杰_0_3,2000-2005,林俊杰,2012,专辑
林俊杰_0_3,2000-2005,林俊杰,2012,专辑
林俊杰_0_3,2000-2005,林俊杰,2012,专辑
林俊杰_0_3,2000-2005,林俊杰,2012,专辑
林俊杰_0_3,2000-2005,林俊杰,2012,专辑
林俊杰_0_3,2000-2005,林俊杰,2012,专辑
林俊杰_0_3,2000-2005,林俊杰,2012,专辑
林俊杰_0_3,2000-2005,林俊杰,2012,专辑
林俊杰_0_3,2000-2005,林俊杰,2012,专辑
林俊杰_0_3,2000-2005,林俊杰,2012,专辑
林俊杰_0_3,2000-2005,林俊杰,2012,专辑
林俊杰_0_3,2000-2005,林俊杰,2012,专辑
林俊杰_0_3,2000-2005,林俊杰,2012,专辑
林俊杰_0_3,2000-2005,林俊杰,2012,专辑
林俊杰_0_3,2000-2005,林俊杰,2012,专辑
林俊杰_0_3,2000-2005,林俊杰,2012,专辑
林俊杰_0_3,2000-2005,林俊杰,2012,专辑
林俊杰_0_3,2000-2005,林俊杰,2012,专辑
林俊杰_0_3,2000-2005,林俊杰,2012,专辑
林俊杰_0_3,2000-2005,林俊杰,2012,专辑
林俊杰_0_3,2000-2005,林俊杰,2012,专辑
林俊杰_0_3,2000-2005,林俊杰,2012,专辑
林俊杰_0_3,2000-2005,林俊杰,2012,专辑
林俊杰_0_3,2000-2005,林俊杰,2012,专辑
林俊杰_0_3,2000-2005,林俊杰,2012,专辑
林俊杰_0_3,2000-2005,林俊杰,2013,专辑
林俊杰_0_3,2000-2005,林俊杰,2013,专辑
林俊杰_0_3,2000-2005,林俊杰,2013,专辑
林俊杰_0_3,2000-2005,林俊杰,2013,专辑
林俊杰_0_3,2000-2005,林俊杰,2013,专辑
林俊杰_0_3,2000-2005,林俊杰,2013,专辑
林俊杰_0_3,2000-2005,林俊杰,2013,专辑
林俊杰_0_3,2000-2005,林俊杰,2013,专辑
林俊杰_0_3,2000-2005,林俊杰,2013,专辑
林俊杰_0_3,2000-2005,林俊杰,2013,专辑
林俊杰_0_3,2000-2005,林俊杰,2013,专辑
林俊杰_0_3,2000-2005,林俊杰,2013,专辑
林俊杰_0_3,2000-2005,林俊杰,2014,专辑
林俊杰_0_3,2000-2005,林俊杰,2014,专辑
林俊杰_0_3,2000-2005,林俊杰,2014,专辑
林俊杰_0_3,2000-2005,林俊杰,2014,专辑
林俊杰_0_3,2000-2005,林俊杰,2014,专辑
林俊杰_0_3,2000-2005,林俊杰,2014,专辑
林俊杰_0_3,2000-2005,林俊杰,2014,专辑
林俊杰_0_3,2000-2005,林俊杰,2014,专辑
林俊杰_0_3,2000-2005,林俊杰,2014,专辑
林俊杰_0_3,2000-2005,林俊杰,2014,专辑
林俊杰_0_3,2000-2005,林俊杰,2014,专辑
林俊杰_0_3,2000-2005,林俊杰,2014,专辑
林俊杰_0_3,2000-2005,林俊杰,2014,专辑
林俊杰_0_3,2000-2005,林俊杰,2014,专辑
林俊杰_0_3,2000-2005,林俊杰,2014,专辑
林俊杰_0_3,2000-2005,林俊杰,2014,专辑
林俊杰_0_3,2000-2005,林俊杰,2014,专辑
林俊杰_0_3,2000-2005,林俊杰,2014,专辑
林俊杰_0_3,2000-2005,林俊杰,2014,专辑
林俊杰_0_3,2000-2005,林俊杰,2015,专辑
林俊杰_0_3,2000-2005,林俊杰,2015,商业
林俊杰_0_3,2000-2005,林俊杰,2015,商业
林俊杰_0_3,2000-2005,林俊杰,2015,专辑
林俊杰_0_3,2000-2005,林俊杰,2015,专辑
林俊杰_0_3,2000-2005,林俊杰,2015,专辑
林俊杰_0_3,2000-2005,林俊杰,2015,专辑
林俊杰_0_3,2000-2005,林俊杰,2015,专辑
林俊杰_0_3,2000-2005,林俊杰,2015,专辑
林俊杰_0_3,2000-2005,林俊杰,2015,专辑
林俊杰_0_3,2000-2005,林俊杰,2015,专辑
林俊杰_0_3,2000-2005,林俊杰,2015,专辑
林俊杰_0_3,2000-2005,林俊杰,2015,专辑
林俊杰_0_3,2000-2005,林俊杰,2015,专辑
林俊杰_0_3,2000-2005,林俊杰,2015,专辑
林俊杰_0_3,2000-2005,林俊杰,2015,专辑
林俊杰_0_3,2000-2005,林俊杰,2015,专辑
林俊杰_0_3,2000-2005,林俊杰,2015,专辑
林俊杰_0_3,2000-2005,林俊杰,2015,专辑
林俊杰_0_3,2000-2005,林俊杰,2015,专辑
林俊杰_0_3,2000-2005,林俊杰,2015,专辑
林俊杰_0_3,2000-2005,林俊杰,2015,专辑
林俊杰_0_3,2000-2005,林俊杰,2015,专辑
林俊杰_0_3,2000-2005,林俊杰,2015,专辑
林俊杰_0_3,2000-2005,林俊杰,2016,专辑
林俊杰_0_3,2000-2005,林俊杰,2016,商业
林俊杰_0_3,2000-2005,林俊杰,2017,商业
林俊杰_0_3,2000-2005,林俊杰,2017,专辑
林俊杰_0_3,2000-2005,林俊杰,2017,专辑
林俊杰_0_3,2000-2005,林俊杰,2017,专辑
林俊杰_0_3,2000-2005,林俊杰,2017,专辑
林俊杰_0_3,2000-2005,林俊杰,2017,专辑
林俊杰_0_3,2000-2005,林俊杰,2017,专辑
林俊杰_0_3,2000-2005,林俊杰,2017,专辑
林俊杰_0_3,2000-2005,林俊杰,2017,专辑
林俊杰_0_3,2000-2005,林俊杰,2017,专辑
林俊杰_0_3,2000-2005,林俊杰,2017,专辑
林俊杰_0_3,2000-2005,林俊杰,2017,专辑
林俊杰_0_3,2000-2005,林俊杰,2017,专辑
林俊杰_0_3,2000-2005,林俊杰,2017,专辑
林俊杰_0_3,2000-2005,林俊杰,2017,专辑
林俊杰_0_3,2000-2005,林俊杰,2017,专辑
林俊杰_0_3,2000-2005,林俊杰,2018,专辑
林俊杰_0_3,2000-2005,林俊杰,2018,专辑
林俊杰_0_3,2000-2005,林俊杰,2018,专辑
林俊杰_0_3,2000-2005,林俊杰,2019,商业
林俊杰_0_3,2000-2005,林俊杰,2019,专辑
林俊杰_0_3,2000-2005,林俊杰,2019,专辑
林俊杰_0_3,2000-2005,林俊杰,2019,专辑
林俊杰_0_3,2000-2005,林俊杰,2019,专辑
林俊杰_0_3,2000-2005,林俊杰,2019,专辑
蔡依林_0_4,2000-2005,蔡依林,1999,专辑
蔡依林_0_4,2000-2005,蔡依林,1999,专辑
蔡依林_0_4,2000-2005,蔡依林,1999,专辑
蔡依林_0_4,2000-2005,蔡依林,1999,专辑
蔡依林_0_4,2000-2005,蔡依林,1999,专辑
蔡依林_0_4,2000-2005,蔡依林,1999,专辑
蔡依林_0_4,2000-2005,蔡依林,1999,专辑
蔡依林_0_4,2000-2005,蔡依林,1999,专辑
蔡依林_0_4,2000-2005,蔡依林,1999,专辑
蔡依林_0_4,2000-2005,蔡依林,1999,专辑
蔡依林_0_4,2000-2005,蔡依林,1999,专辑
蔡依林_0_4,2000-2005,蔡依林,1999,专辑
蔡依林_0_4,2000-2005,蔡依林,2000,专辑
蔡依林_0_4,2000-2005,蔡依林,2000,专辑
蔡依林_0_4,2000-2005,蔡依林,2000,专辑
蔡依林_0_4,2000-2005,蔡依林,2000,专辑
蔡依林_0_4,2000-2005,蔡依林,2000,专辑
蔡依林_0_4,2000-2005,蔡依林,2000,专辑
蔡依林_0_4,2000-2005,蔡依林,2000,专辑
蔡依林_0_4,2000-2005,蔡依林,2000,专辑
蔡依林_0_4,2000-2005,蔡依林,2000,专辑
蔡依林_0_4,2000-2005,蔡依林,2000,专辑
蔡依林_0_4,2000-2005,蔡依林,2000,专辑
蔡依林_0_4,2000-2005,蔡依林,2000,专辑
蔡依林_0_4,2000-2005,蔡依林,2000,专辑
蔡依林_0_4,2000-2005,蔡依林,2000,专辑
蔡依林_0_4,2000-2005,蔡依林,2000,专辑
蔡依林_0_4,2000-2005,蔡依林,2000,专辑
蔡依林_0_4,2000-2005,蔡依林,2000,专辑
蔡依林_0_4,2000-2005,蔡依林,2000,专辑
蔡依林_0_4,2000-2005,蔡依林,2000,专辑
蔡依林_0_4,2000-2005,蔡依林,2000,专辑
蔡依林_0_4,2000-2005,蔡依林,2001,专辑
蔡依林_0_4,2000-2005,蔡依林,2001,专辑
蔡依林_0_4,2000-2005,蔡依林,2001,专辑
蔡依林_0_4,2000-2005,蔡依林,2001,专辑
蔡依林_0_4,2000-2005,蔡依林,2001,专辑
蔡依林_0_4,2000-2005,蔡依林,2001,专辑
蔡依林_0_4,2000-2005,蔡依林,2001,专辑
蔡依林_0_4,2000-2005,蔡依林,2001,专辑
蔡依林_0_4,2000-2005,蔡依林,2001,专辑
蔡依林_0_4,2000-2005,蔡依林,2001,专辑
蔡依林_0_4,2000-2005,蔡依林,2001,专辑
蔡依林_0_4,2000-2005,蔡依林,2001,专辑
蔡依林_0_4,2000-2005,蔡依林,2001,专辑
蔡依林_0_4,2000-2005,蔡依林,2001,专辑
蔡依林_0_4,2000-2005,蔡依林,2001,专辑
蔡依林_0_4,2000-2005,蔡依林,2001,专辑
蔡依林_0_4,2000-2005,蔡依林,2001,专辑
蔡依林_0_4,2000-2005,蔡依林,2001,专辑
蔡依林_0_4,2000-2005,蔡依林,2001,专辑
蔡依林_0_4,2000-2005,蔡依林,2001,专辑
蔡依林_0_4,2000-2005,蔡依林,2001,专辑
蔡依林_0_4,2000-2005,蔡依林,2001,专辑
蔡依林_0_4,2000-2005,蔡依林,2001,专辑
蔡依林_0_4,2000-2005,蔡依林,2001,专辑
蔡依林_0_4,2000-2005,蔡依林,2001,专辑
蔡依林_0_4,2000-2005,蔡依林,2001,专辑
蔡依林_0_4,2000-2005,蔡依林,2002,翻唱
蔡依林_0_4,2000-2005,蔡依林,2002,翻唱
蔡依林_0_4,2000-2005,蔡依林,2002,翻唱
蔡依林_0_4,2000-2005,蔡依林,2002,翻唱
蔡依林_0_4,2000-2005,蔡依林,2002,翻唱
蔡依林_0_4,2000-2005,蔡依林,2002,翻唱
蔡依林_0_4,2000-2005,蔡依林,2002,翻唱
蔡依林_0_4,2000-2005,蔡依林,2002,翻唱
蔡依林_0_4,2000-2005,蔡依林,2002,翻唱
蔡依林_0_4,2000-2005,蔡依林,2002,翻唱
蔡依林_0_4,2000-2005,蔡依林,2002,翻唱
蔡依林_0_4,2000-2005,蔡依林,2002,翻唱
蔡依林_0_4,2000-2005,蔡依林,2003,专辑
蔡依林_0_4,2000-2005,蔡依林,2003,专辑
蔡依林_0_4,2000-2005,蔡依林,2003,商业
蔡依林_0_4,2000-2005,蔡依林,2003,专辑
蔡依林_0_4,2000-2005,蔡依林,2003,专辑
蔡依林_0_4,2000-2005,蔡依林,2003,专辑
蔡依林_0_4,2000-2005,蔡依林,2003,专辑
蔡依林_0_4,2000-2005,蔡依林,2003,专辑
蔡依林_0_4,2000-2005,蔡依林,2003,专辑
蔡依林_0_4,2000-2005,蔡依林,2003,专辑
蔡依林_0_4,2000-2005,蔡依林,2003,专辑
蔡依林_0_4,2000-2005,蔡依林,2003,专辑
蔡依林_0_4,2000-2005,蔡依林,2003,专辑
蔡依林_0_4,2000-2005,蔡依林,2003,专辑
蔡依林_0_4,2000-2005,蔡依林,2003,专辑
蔡依林_0_4,2000-2005,蔡依林,2003,专辑
蔡依林_0_4,2000-2005,蔡依林,2003,专辑
蔡依林_0_4,2000-2005,蔡依林,2003,专辑
蔡依林_0_4,2000-2005,蔡依林,2003,专辑
蔡依林_0_4,2000-2005,蔡依林,2003,专辑
蔡依林_0_4,2000-2005,蔡依林,2003,专辑
蔡依林_0_4,2000-2005,蔡依林,2003,专辑
蔡依林_0_4,2000-2005,蔡依林,2003,专辑
蔡依林_0_4,2000-2005,蔡依林,2003,专辑
蔡依林_0_4,2000-2005,蔡依林,2003,专辑
蔡依林_0_4,2000-2005,蔡依林,2003,专辑
蔡依林_0_4,2000-2005,蔡依林,2003,专辑
蔡依林_0_4,2000-2005,蔡依林,2003,专辑
蔡依林_0_4,2000-2005,蔡依林,2003,专辑
蔡依林_0_4,2000-2005,蔡依林,2003,专辑
蔡依林_0_4,2000-2005,蔡依林,2003,专辑
蔡依林_0_4,2000-2005,蔡依林,2003,专辑
蔡依林_0_4,2000-2005,蔡依林,2003,专辑
蔡依林_0_4,2000-2005,蔡依林,2003,专辑
蔡依林_0_4,2000-2005,蔡依林,2003,专辑
蔡依林_0_4,2000-2005,蔡依林,2003,专辑
蔡依林_0_4,2000-2005,蔡依林,2003,专辑
蔡依林_0_4,2000-2005,蔡依林,2003,专辑
蔡依林_0_4,2000-2005,蔡依林,2003,专辑
蔡依林_0_4,2000-2005,蔡依林,2003,专辑
蔡依林_0_4,2000-2005,蔡依林,2003,专辑
蔡依林_0_4,2000-2005,蔡依林,2003,专辑
蔡依林_0_4,2000-2005,蔡依林,2004,专辑
蔡依林_0_4,2000-2005,蔡依林,2004,专辑
蔡依林_0_4,2000-2005,蔡依林,2004,专辑
蔡依林_0_4,2000-2005,蔡依林,2004,专辑
蔡依林_0_4,2000-2005,蔡依林,2004,专辑
蔡依林_0_4,2000-2005,蔡依林,2004,专辑
蔡依林_0_4,2000-2005,蔡依林,2004,专辑
蔡依林_0_4,2000-2005,蔡依林,2004,专辑
蔡依林_0_4,2000-2005,蔡依林,2004,专辑
蔡依林_0_4,2000-2005,蔡依林,2004,专辑
蔡依林_0_4,2000-2005,蔡依林,2004,专辑
蔡依林_0_4,2000-2005,蔡依林,2004,专辑
蔡依林_0_4,2000-2005,蔡依林,2004,专辑
蔡依林_0_4,2000-2005,蔡依林,2004,专辑
蔡依林_0_4,2000-2005,蔡依林,2004,专辑
蔡依林_0_4,2000-2005,蔡依林,2004,专辑
蔡依林_0_4,2000-2005,蔡依林,2004,专辑
蔡依林_0_4,2000-2005,蔡依林,2004,专辑
蔡依林_0_4,2000-2005,蔡依林,2004,专辑
蔡依林_0_4,2000-2005,蔡依林,2004,专辑
蔡依林_0_4,2000-2005,蔡依林,2004,专辑
蔡依林_0_4,2000-2005,蔡依林,2004,专辑
蔡依林_0_4,2000-2005,蔡依林,2004,专辑
蔡依林_0_4,2000-2005,蔡依林,2004,专辑
蔡依林_0_4,2000-2005,蔡依林,2004,专辑
蔡依林_0_4,2000-2005,蔡依林,2004,专辑
蔡依林_0_4,2000-2005,蔡依林,2004,专辑
蔡依林_0_4,2000-2005,蔡依林,2004,专辑
蔡依林_0_4,2000-2005,蔡依林,2004,专辑
蔡依林_0_4,2000-2005,蔡依林,2004,专辑
蔡依林_0_4,2000-2005,蔡依林,2004,专辑
蔡依林_0_4,2000-2005,蔡依林,2004,专辑
蔡依林_0_4,2000-2005,蔡依林,2004,专辑
蔡依林_0_4,2000-2005,蔡依林,2004,专辑
蔡依林_0_4,2000-2005,蔡依林,2004,专辑
蔡依林_0_4,2000-2005,蔡依林,2004,专辑
蔡依林_0_4,2000-2005,蔡依林,2004,专辑
蔡依林_0_4,2000-2005,蔡依林,2004,专辑
蔡依林_0_4,2000-2005,蔡依林,2004,专辑
蔡依林_0_4,2000-2005,蔡依林,2004,专辑
蔡依林_0_4,2000-2005,蔡依林,2004,专辑
蔡依林_0_4,2000-2005,蔡依林,2005,专辑
蔡依林_0_4,2000-2005,蔡依林,2005,专辑
蔡依林_0_4,2000-2005,蔡依林,2005,专辑
蔡依林_0_4,2000-2005,蔡依林,2005,专辑
蔡依林_0_4,2000-2005,蔡依林,2005,专辑
蔡依林_0_4,2000-2005,蔡依林,2005,专辑
蔡依林_0_4,2000-2005,蔡依林,2005,专辑
蔡依林_0_4,2000-2005,蔡依林,2005,专辑
蔡依林_0_4,2000-2005,蔡依林,2005,专辑
蔡依林_0_4,2000-2005,蔡依林,2005,专辑
蔡依林_0_4,2000-2005,蔡依林,2005,专辑
蔡依林_0_4,2000-2005,蔡依林,2005,专辑
蔡依林_0_4,2000-2005,蔡依林,2005,专辑
蔡依林_0_4,2000-2005,蔡依林,2005,专辑
蔡依林_0_4,2000-2005,蔡依林,2005,专辑
蔡依林_0_4,2000-2005,蔡依林,2005,专辑
蔡依林_0_4,2000-2005,蔡依林,2005,专辑
蔡依林_0_4,2000-2005,蔡依林,2005,专辑
蔡依林_0_4,2000-2005,蔡依林,2005,专辑
蔡依林_0_4,2000-2005,蔡依林,2005,专辑
蔡依林_0_4,2000-2005,蔡依林,2005,专辑
蔡依林_0_4,2000-2005,蔡依林,2005,专辑
蔡依林_0_4,2000-2005,蔡依林,2005,专辑
蔡依林_0_4,2000-2005,蔡依林,2005,专辑
蔡依林_0_4,2000-2005,蔡依林,2005,专辑
蔡依林_0_4,2000-2005,蔡依林,2005,专辑
蔡依林_0_4,2000-2005,蔡依林,2005,专辑
蔡依林_0_4,2000-2005,蔡依林,2005,专辑
蔡依林_0_4,2000-2005,蔡依林,2005,专辑
蔡依林_0_4,2000-2005,蔡依林,2005,专辑
蔡依林_0_4,2000-2005,蔡依林,2005,专辑
蔡依林_0_4,2000-2005,蔡依林,2005,专辑
蔡依林_0_4,2000-2005,蔡依林,2005,专辑
蔡依林_0_4,2000-2005,蔡依林,2005,专辑
蔡依林_0_4,2000-2005,蔡依林,2005,专辑
蔡依林_0_4,2000-2005,蔡依林,2005,专辑
蔡依林_0_4,2000-2005,蔡依林,2005,专辑
蔡依林_0_4,2000-2005,蔡依林,2005,专辑
蔡依林_0_4,2000-2005,蔡依林,2005,专辑
蔡依林_0_4,2000-2005,蔡依林,2005,专辑
蔡依林_0_4,2000-2005,蔡依林,2005,专辑
蔡依林_0_4,2000-2005,蔡依林,2005,专辑
蔡依林_0_4,2000-2005,蔡依林,2005,专辑
蔡依林_0_4,2000-2005,蔡依林,2005,专辑
蔡依林_0_4,2000-2005,蔡依林,2005,专辑
蔡依林_0_4,2000-2005,蔡依林,2005,专辑
蔡依林_0_4,2000-2005,蔡依林,2005,专辑
蔡依林_0_4,2000-2005,蔡依林,2005,专辑
蔡依林_0_4,2000-2005,蔡依林,2005,专辑
蔡依林_0_4,2000-2005,蔡依林,2005,专辑
蔡依林_0_4,2000-2005,蔡依林,2005,专辑
蔡依林_0_4,2000-2005,蔡依林,2005,专辑
蔡依林_0_4,2000-2005,蔡依林,2005,专辑
蔡依林_0_4,2000-2005,蔡依林,2005,专辑
蔡依林_0_4,2000-2005,蔡依林,2005,专辑
蔡依林_0_4,2000-2005,蔡依林,2005,专辑
蔡依林_0_4,2000-2005,蔡依林,2005,专辑
蔡依林_0_4,2000-2005,蔡依林,2005,专辑
蔡依林_0_4,2000-2005,蔡依林,2005,专辑
蔡依林_0_4,2000-2005,蔡依林,2005,专辑
蔡依林_0_4,2000-2005,蔡依林,2006,专辑
蔡依林_0_4,2000-2005,蔡依林,2006,专辑
蔡依林_0_4,2000-2005,蔡依林,2006,专辑
蔡依林_0_4,2000-2005,蔡依林,2006,专辑
蔡依林_0_4,2000-2005,蔡依林,2006,专辑
蔡依林_0_4,2000-2005,蔡依林,2006,专辑
蔡依林_0_4,2000-2005,蔡依林,2006,专辑
蔡依林_0_4,2000-2005,蔡依林,2006,专辑
蔡依林_0_4,2000-2005,蔡依林,2006,专辑
蔡依林_0_4,2000-2005,蔡依林,2006,专辑
蔡依林_0_4,2000-2005,蔡依林,2006,专辑
蔡依林_0_4,2000-2005,蔡依林,2006,专辑
蔡依林_0_4,2000-2005,蔡依林,2006,专辑
蔡依林_0_4,2000-2005,蔡依林,2006,专辑
蔡依林_0_4,2000-2005,蔡依林,2006,专辑
蔡依林_0_4,2000-2005,蔡依林,2006,专辑
蔡依林_0_4,2000-2005,蔡依林,2006,专辑
蔡依林_0_4,2000-2005,蔡依林,2006,专辑
蔡依林_0_4,2000-2005,蔡依林,2006,专辑
蔡依林_0_4,2000-2005,蔡依林,2006,专辑
蔡依林_0_4,2000-2005,蔡依林,2006,专辑
蔡依林_0_4,2000-2005,蔡依林,2006,专辑
蔡依林_0_4,2000-2005,蔡依林,2006,专辑
蔡依林_0_4,2000-2005,蔡依林,2006,专辑
蔡依林_0_4,2000-2005,蔡依林,2006,专辑
蔡依林_0_4,2000-2005,蔡依林,2006,专辑
蔡依林_0_4,2000-2005,蔡依林,2006,专辑
蔡依林_0_4,2000-2005,蔡依林,2006,专辑
蔡依林_0_4,2000-2005,蔡依林,2006,专辑
蔡依林_0_4,2000-2005,蔡依林,2006,专辑
蔡依林_0_4,2000-2005,蔡依林,2006,专辑
蔡依林_0_4,2000-2005,蔡依林,2006,专辑
蔡依林_0_4,2000-2005,蔡依林,2006,专辑
蔡依林_0_4,2000-2005,蔡依林,2006,专辑
蔡依林_0_4,2000-2005,蔡依林,2006,专辑
蔡依林_0_4,2000-2005,蔡依林,2006,专辑
蔡依林_0_4,2000-2005,蔡依林,2006,专辑
蔡依林_0_4,2000-2005,蔡依林,2006,专辑
蔡依林_0_4,2000-2005,蔡依林,2006,专辑
蔡依林_0_4,2000-2005,蔡依林,2006,专辑
蔡依林_0_4,2000-2005,蔡依林,2006,专辑
蔡依林_0_4,2000-2005,蔡依林,2006,专辑
蔡依林_0_4,2000-2005,蔡依林,2006,专辑
蔡依林_0_4,2000-2005,蔡依林,2006,专辑
蔡依林_0_4,2000-2005,蔡依林,2006,专辑
蔡依林_0_4,2000-2005,蔡依林,2006,专辑
蔡依林_0_4,2000-2005,蔡依林,2006,专辑
蔡依林_0_4,2000-2005,蔡依林,2006,专辑
蔡依林_0_4,2000-2005,蔡依林,2006,专辑
蔡依林_0_4,2000-2005,蔡依林,2006,专辑
蔡依林_0_4,2000-2005,蔡依林,2006,专辑
蔡依林_0_4,2000-2005,蔡依林,2006,专辑
蔡依林_0_4,2000-2005,蔡依林,2006,专辑
蔡依林_0_4,2000-2005,蔡依林,2006,专辑
蔡依林_0_4,2000-2005,蔡依林,2006,专辑
蔡依林_0_4,2000-2005,蔡依林,2006,专辑
蔡依林_0_4,2000-2005,蔡依林,2006,专辑
蔡依林_0_4,2000-2005,蔡依林,2006,专辑
蔡依林_0_4,2000-2005,蔡依林,2006,专辑
蔡依林_0_4,2000-2005,蔡依林,2006,专辑
蔡依林_0_4,2000-2005,蔡依林,2006,专辑
蔡依林_0_4,2000-2005,蔡依林,2006,专辑
蔡依林_0_4,2000-2005,蔡依林,2006,专辑
蔡依林_0_4,2000-2005,蔡依林,2006,专辑
蔡依林_0_4,2000-2005,蔡依林,2006,专辑
蔡依林_0_4,2000-2005,蔡依林,2006,专辑
蔡依林_0_4,2000-2005,蔡依林,2006,专辑
蔡依林_0_4,2000-2005,蔡依林,2006,专辑
蔡依林_0_4,2000-2005,蔡依林,2006,专辑
蔡依林_0_4,2000-2005,蔡依林,2006,专辑
蔡依林_0_4,2000-2005,蔡依林,2006,专辑
蔡依林_0_4,2000-2005,蔡依林,2006,专辑
蔡依林_0_4,2000-2005,蔡依林,2006,专辑
蔡依林_0_4,2000-2005,蔡依林,2006,专辑
蔡依林_0_4,2000-2005,蔡依林,2007,专辑
蔡依林_0_4,2000-2005,蔡依林,2007,专辑
蔡依林_0_4,2000-2005,蔡依林,2007,专辑
蔡依林_0_4,2000-2005,蔡依林,2007,专辑
蔡依林_0_4,2000-2005,蔡依林,2007,专辑
蔡依林_0_4,2000-2005,蔡依林,2007,专辑
蔡依林_0_4,2000-2005,蔡依林,2007,专辑
蔡依林_0_4,2000-2005,蔡依林,2007,专辑
蔡依林_0_4,2000-2005,蔡依林,2007,专辑
蔡依林_0_4,2000-2005,蔡依林,2007,专辑
蔡依林_0_4,2000-2005,蔡依林,2007,专辑
蔡依林_0_4,2000-2005,蔡依林,2007,专辑
蔡依林_0_4,2000-2005,蔡依林,2007,专辑
蔡依林_0_4,2000-2005,蔡依林,2007,专辑
蔡依林_0_4,2000-2005,蔡依林,2007,专辑
蔡依林_0_4,2000-2005,蔡依林,2007,专辑
蔡依林_0_4,2000-2005,蔡依林,2007,专辑
蔡依林_0_4,2000-2005,蔡依林,2007,专辑
蔡依林_0_4,2000-2005,蔡依林,2007,专辑
蔡依林_0_4,2000-2005,蔡依林,2007,专辑
蔡依林_0_4,2000-2005,蔡依林,2007,专辑
蔡依林_0_4,2000-2005,蔡依林,2007,专辑
蔡依林_0_4,2000-2005,蔡依林,2007,专辑
蔡依林_0_4,2000-2005,蔡依林,2007,专辑
蔡依林_0_4,2000-2005,蔡依林,2007,专辑
蔡依林_0_4,2000-2005,蔡依林,2007,专辑
蔡依林_0_4,2000-2005,蔡依林,2007,专辑
蔡依林_0_4,2000-2005,蔡依林,2007,专辑
蔡依林_0_4,2000-2005,蔡依林,2007,专辑
蔡依林_0_4,2000-2005,蔡依林,2007,专辑
蔡依林_0_4,2000-2005,蔡依林,2007,专辑
蔡依林_0_4,2000-2005,蔡依林,2007,专辑
蔡依林_0_4,2000-2005,蔡依林,2007,专辑
蔡依林_0_4,2000-2005,蔡依林,2007,专辑
蔡依林_0_4,2000-2005,蔡依林,2007,专辑
蔡依林_0_4,2000-2005,蔡依林,2007,专辑
蔡依林_0_4,2000-2005,蔡依林,2007,专辑
蔡依林_0_4,2000-2005,蔡依林,2007,专辑
蔡依林_0_4,2000-2005,蔡依林,2007,专辑
蔡依林_0_4,2000-2005,蔡依林,2007,专辑
蔡依林_0_4,2000-2005,蔡依林,2007,专辑
蔡依林_0_4,2000-2005,蔡依林,2007,专辑
蔡依林_0_4,2000-2005,蔡依林,2007,专辑
蔡依林_0_4,2000-2005,蔡依林,2007,专辑
蔡依林_0_4,2000-2005,蔡依林,2007,专辑
蔡依林_0_4,2000-2005,蔡依林,2007,专辑
蔡依林_0_4,2000-2005,蔡依林,2007,专辑
蔡依林_0_4,2000-2005,蔡依林,2007,专辑
蔡依林_0_4,2000-2005,蔡依林,2007,专辑
蔡依林_0_4,2000-2005,蔡依林,2007,专辑
蔡依林_0_4,2000-2005,蔡依林,2007,专辑
蔡依林_0_4,2000-2005,蔡依林,2007,专辑
蔡依林_0_4,2000-2005,蔡依林,2007,专辑
蔡依林_0_4,2000-2005,蔡依林,2007,专辑
蔡依林_0_4,2000-2005,蔡依林,2007,专辑
蔡依林_0_4,2000-2005,蔡依林,2007,专辑
蔡依林_0_4,2000-2005,蔡依林,2007,专辑
蔡依林_0_4,2000-2005,蔡依林,2007,专辑
蔡依林_0_4,2000-2005,蔡依林,2007,专辑
蔡依林_0_4,2000-2005,蔡依林,2007,专辑
蔡依林_0_4,2000-2005,蔡依林,2007,专辑
蔡依林_0_4,2000-2005,蔡依林,2007,专辑
蔡依林_0_4,2000-2005,蔡依林,2007,专辑
蔡依林_0_4,2000-2005,蔡依林,2007,专辑
蔡依林_0_4,2000-2005,蔡依林,2007,专辑
蔡依林_0_4,2000-2005,蔡依林,2007,专辑
蔡依林_0_4,2000-2005,蔡依林,2007,专辑
蔡依林_0_4,2000-2005,蔡依林,2007,专辑
蔡依林_0_4,2000-2005,蔡依林,2007,专辑
蔡依林_0_4,2000-2005,蔡依林,2007,专辑
蔡依林_0_4,2000-2005,蔡依林,2007,专辑
蔡依林_0_4,2000-2005,蔡依林,2007,专辑
蔡依林_0_4,2000-2005,蔡依林,2007,专辑
蔡依林_0_4,2000-2005,蔡依林,2007,专辑
蔡依林_0_4,2000-2005,蔡依林,2007,专辑
蔡依林_0_4,2000-2005,蔡依林,2007,专辑
蔡依林_0_4,2000-2005,蔡依林,2007,专辑
蔡依林_0_4,2000-2005,蔡依林,2008,专辑
蔡依林_0_4,2000-2005,蔡依林,2008,专辑
蔡依林_0_4,2000-2005,蔡依林,2008,专辑
蔡依林_0_4,2000-2005,蔡依林,2008,专辑
蔡依林_0_4,2000-2005,蔡依林,2008,专辑
蔡依林_0_4,2000-2005,蔡依林,2008,专辑
蔡依林_0_4,2000-2005,蔡依林,2008,专辑
蔡依林_0_4,2000-2005,蔡依林,2008,专辑
蔡依林_0_4,2000-2005,蔡依林,2008,专辑
蔡依林_0_4,2000-2005,蔡依林,2008,专辑
蔡依林_0_4,2000-2005,蔡依林,2009,专辑
蔡依林_0_4,2000-2005,蔡依林,2009,专辑
蔡依林_0_4,2000-2005,蔡依林,2009,专辑
蔡依林_0_4,2000-2005,蔡依林,2009,专辑
蔡依林_0_4,2000-2005,蔡依林,2009,专辑
蔡依林_0_4,2000-2005,蔡依林,2009,专辑
蔡依林_0_4,2000-2005,蔡依林,2009,专辑
蔡依林_0_4,2000-2005,蔡依林,2009,专辑
蔡依林_0_4,2000-2005,蔡依林,2009,专辑
蔡依林_0_4,2000-2005,蔡依林,2009,专辑
蔡依林_0_4,2000-2005,蔡依林,2009,专辑
蔡依林_0_4,2000-2005,蔡依林,2009,专辑
蔡依林_0_4,2000-2005,蔡依林,2009,专辑
蔡依林_0_4,2000-2005,蔡依林,2009,专辑
蔡依林_0_4,2000-2005,蔡依林,2009,专辑
蔡依林_0_4,2000-2005,蔡依林,2009,专辑
蔡依林_0_4,2000-2005,蔡依林,2009,专辑
蔡依林_0_4,2000-2005,蔡依林,2009,专辑
蔡依林_0_4,2000-2005,蔡依林,2009,专辑
蔡依林_0_4,2000-2005,蔡依林,2009,专辑
蔡依林_0_4,2000-2005,蔡依林,2009,专辑
蔡依林_0_4,2000-2005,蔡依林,2009,专辑
蔡依林_0_4,2000-2005,蔡依林,2009,专辑
蔡依林_0_4,2000-2005,蔡依林,2009,专辑
蔡依林_0_4,2000-2005,蔡依林,2009,专辑
蔡依林_0_4,2000-2005,蔡依林,2009,专辑
蔡依林_0_4,2000-2005,蔡依林,2009,专辑
蔡依林_0_4,2000-2005,蔡依林,2009,专辑
蔡依林_0_4,2000-2005,蔡依林,2009,专辑
蔡依林_0_4,2000-2005,蔡依林,2009,专辑
蔡依林_0_4,2000-2005,蔡依林,2009,专辑
蔡依林_0_4,2000-2005,蔡依林,2009,专辑
蔡依林_0_4,2000-2005,蔡依林,2009,专辑
蔡依林_0_4,2000-2005,蔡依林,2009,专辑
蔡依林_0_4,2000-2005,蔡依林,2009,专辑
蔡依林_0_4,2000-2005,蔡依林,2009,专辑
蔡依林_0_4,2000-2005,蔡依林,2009,专辑
蔡依林_0_4,2000-2005,蔡依林,2009,专辑
蔡依林_0_4,2000-2005,蔡依林,2009,专辑
蔡依林_0_4,2000-2005,蔡依林,2009,专辑
蔡依林_0_4,2000-2005,蔡依林,2009,专辑
蔡依林_0_4,2000-2005,蔡依林,2009,专辑
蔡依林_0_4,2000-2005,蔡依林,2009,专辑
蔡依林_0_4,2000-2005,蔡依林,2009,专辑
蔡依林_0_4,2000-2005,蔡依林,2009,专辑
蔡依林_0_4,2000-2005,蔡依林,2009,专辑
蔡依林_0_4,2000-2005,蔡依林,2009,专辑
蔡依林_0_4,2000-2005,蔡依林,2009,专辑
蔡依林_0_4,2000-2005,蔡依林,2009,专辑
蔡依林_0_4,2000-2005,蔡依林,2009,专辑
蔡依林_0_4,2000-2005,蔡依林,2009,专辑
蔡依林_0_4,2000-2005,蔡依林,2010,商业
蔡依林_0_4,2000-2005,蔡依林,2010,专辑
蔡依林_0_4,2000-2005,蔡依林,2010,专辑
蔡依林_0_4,2000-2005,蔡依林,2010,专辑
蔡依林_0_4,2000-2005,蔡依林,2010,专辑
蔡依林_0_4,2000-2005,蔡依林,2010,专辑
蔡依林_0_4,2000-2005,蔡依林,2010,专辑
蔡依林_0_4,2000-2005,蔡依林,2010,专辑
蔡依林_0_4,2000-2005,蔡依林,2010,专辑
蔡依林_0_4,2000-2005,蔡依林,2010,专辑
蔡依林_0_4,2000-2005,蔡依林,2010,专辑
蔡依林_0_4,2000-2005,蔡依林,2010,专辑
蔡依林_0_4,2000-2005,蔡依林,2010,专辑
蔡依林_0_4,2000-2005,蔡依林,2010,专辑
蔡依林_0_4,2000-2005,蔡依林,2010,专辑
蔡依林_0_4,2000-2005,蔡依林,2010,专辑
蔡依林_0_4,2000-2005,蔡依林,2012,专辑
蔡依林_0_4,2000-2005,蔡依林,2012,专辑
蔡依林_0_4,2000-2005,蔡依林,2012,专辑
蔡依林_0_4,2000-2005,蔡依林,2012,专辑
蔡依林_0_4,2000-2005,蔡依林,2012,专辑
蔡依林_0_4,2000-2005,蔡依林,2012,专辑
蔡依林_0_4,2000-2005,蔡依林,2012,专辑
蔡依林_0_4,2000-2005,蔡依林,2012,专辑
蔡依林_0_4,2000-2005,蔡依林,2012,专辑
蔡依林_0_4,2000-2005,蔡依林,2012,专辑
蔡依林_0_4,2000-2005,蔡依林,2012,专辑
蔡依林_0_4,2000-2005,蔡依林,2012,专辑
蔡依林_0_4,2000-2005,蔡依林,2012,专辑
蔡依林_0_4,2000-2005,蔡依林,2012,专辑
蔡依林_0_4,2000-2005,蔡依林,2012,专辑
蔡依林_0_4,2000-2005,蔡依林,2012,专辑
蔡依林_0_4,2000-2005,蔡依林,2012,专辑
蔡依林_0_4,2000-2005,蔡依林,2012,专辑
蔡依林_0_4,2000-2005,蔡依林,2012,专辑
蔡依林_0_4,2000-2005,蔡依林,2012,专辑
蔡依林_0_4,2000-2005,蔡依林,2012,专辑
蔡依林_0_4,2000-2005,蔡依林,2012,专辑
蔡依林_0_4,2000-2005,蔡依林,2012,专辑
蔡依林_0_4,2000-2005,蔡依林,2012,专辑
蔡依林_0_4,2000-2005,蔡依林,2012,专辑
蔡依林_0_4,2000-2005,蔡依林,2012,专辑
蔡依林_0_4,2000-2005,蔡依林,2012,专辑
蔡依林_0_4,2000-2005,蔡依林,2012,专辑
蔡依林_0_4,2000-2005,蔡依林,2012,专辑
蔡依林_0_4,2000-2005,蔡依林,2012,专辑
蔡依林_0_4,2000-2005,蔡依林,2012,专辑
蔡依林_0_4,2000-2005,蔡依林,2012,专辑
蔡依林_0_4,2000-2005,蔡依林,2012,专辑
蔡依林_0_4,2000-2005,蔡依林,2012,专辑
蔡依林_0_4,2000-2005,蔡依林,2012,专辑
蔡依林_0_4,2000-2005,蔡依林,2012,专辑
蔡依林_0_4,2000-2005,蔡依林,2012,专辑
蔡依林_0_4,2000-2005,蔡依林,2012,专辑
蔡依林_0_4,2000-2005,蔡依林,2012,专辑
蔡依林_0_4,2000-2005,蔡依林,2012,专辑
蔡依林_0_4,2000-2005,蔡依林,2012,专辑
蔡依林_0_4,2000-2005,蔡依林,2012,专辑
蔡依林_0_4,2000-2005,蔡依林,2012,专辑
蔡依林_0_4,2000-2005,蔡依林,2012,专辑
蔡依林_0_4,2000-2005,蔡依林,2012,专辑
蔡依林_0_4,2000-2005,蔡依林,2012,专辑
蔡依林_0_4,2000-2005,蔡依林,2012,专辑
蔡依林_0_4,2000-2005,蔡依林,2012,专辑
蔡依林_0_4,2000-2005,蔡依林,2012,专辑
蔡依林_0_4,2000-2005,蔡依林,2012,专辑
蔡依林_0_4,2000-2005,蔡依林,2012,专辑
蔡依林_0_4,2000-2005,蔡依林,2012,专辑
蔡依林_0_4,2000-2005,蔡依林,2012,专辑
蔡依林_0_4,2000-2005,蔡依林,2012,专辑
蔡依林_0_4,2000-2005,蔡依林,2012,专辑
蔡依林_0_4,2000-2005,蔡依林,2012,专辑
蔡依林_0_4,2000-2005,蔡依林,2012,专辑
蔡依林_0_4,2000-2005,蔡依林,2012,专辑
蔡依林_0_4,2000-2005,蔡依林,2012,专辑
蔡依林_0_4,2000-2005,蔡依林,2012,专辑
蔡依林_0_4,2000-2005,蔡依林,2012,专辑
蔡依林_0_4,2000-2005,蔡依林,2012,专辑
蔡依林_0_4,2000-2005,蔡依林,2012,专辑
蔡依林_0_4,2000-2005,蔡依林,2012,专辑
蔡依林_0_4,2000-2005,蔡依林,2012,专辑
蔡依林_0_4,2000-2005,蔡依林,2012,专辑
蔡依林_0_4,2000-2005,蔡依林,2012,专辑
蔡依林_0_4,2000-2005,蔡依林,2012,专辑
蔡依林_0_4,2000-2005,蔡依林,2012,专辑
蔡依林_0_4,2000-2005,蔡依林,2012,专辑
蔡依林_0_4,2000-2005,蔡依林,2012,专辑
蔡依林_0_4,2000-2005,蔡依林,2012,专辑
蔡依林_0_4,2000-2005,蔡依林,2012,专辑
蔡依林_0_4,2000-2005,蔡依林,2012,专辑
蔡依林_0_4,2000-2005,蔡依林,2012,专辑
蔡依林_0_4,2000-2005,蔡依林,2012,专辑
蔡依林_0_4,2000-2005,蔡依林,2012,专辑
蔡依林_0_4,2000-2005,蔡依林,2012,专辑
蔡依林_0_4,2000-2005,蔡依林,2012,专辑
蔡依林_0_4,2000-2005,蔡依林,2012,专辑
蔡依林_0_4,2000-2005,蔡依林,2012,专辑
蔡依林_0_4,2000-2005,蔡依林,2012,专辑
蔡依林_0_4,2000-2005,蔡依林,2012,专辑
蔡依林_0_4,2000-2005,蔡依林,2012,专辑
蔡依林_0_4,2000-2005,蔡依林,2012,专辑
蔡依林_0_4,2000-2005,蔡依林,2012,专辑
蔡依林_0_4,2000-2005,蔡依林,2012,专辑
蔡依林_0_4,2000-2005,蔡依林,2012,专辑
蔡依林_0_4,2000-2005,蔡依林,2012,专辑
蔡依林_0_4,2000-2005,蔡依林,2013,商业
蔡依林_0_4,2000-2005,蔡依林,2013,专辑
蔡依林_0_4,2000-2005,蔡依林,2013,专辑
蔡依林_0_4,2000-2005,蔡依林,2013,专辑
蔡依林_0_4,2000-2005,蔡依林,2013,专辑
蔡依林_0_4,2000-2005,蔡依林,2013,专辑
蔡依林_0_4,2000-2005,蔡依林,2013,专辑
蔡依林_0_4,2000-2005,蔡依林,2013,专辑
蔡依林_0_4,2000-2005,蔡依林,2013,专辑
蔡依林_0_4,2000-2005,蔡依林,2013,专辑
蔡依林_0_4,2000-2005,蔡依林,2013,专辑
蔡依林_0_4,2000-2005,蔡依林,2013,专辑
蔡依林_0_4,2000-2005,蔡依林,2013,专辑
蔡依林_0_4,2000-2005,蔡依林,2013,专辑
蔡依林_0_4,2000-2005,蔡依林,2013,专辑
蔡依林_0_4,2000-2005,蔡依林,2013,专辑
蔡依林_0_4,2000-2005,蔡依林,2013,专辑
蔡依林_0_4,2000-2005,蔡依林,2013,专辑
蔡依林_0_4,2000-2005,蔡依林,2013,专辑
蔡依林_0_4,2000-2005,蔡依林,2013,专辑
蔡依林_0_4,2000-2005,蔡依林,2013,专辑
蔡依林_0_4,2000-2005,蔡依林,2013,专辑
蔡依林_0_4,2000-2005,蔡依林,2013,专辑
蔡依林_0_4,2000-2005,蔡依林,2013,专辑
蔡依林_0_4,2000-2005,蔡依林,2013,专辑
蔡依林_0_4,2000-2005,蔡依林,2013,专辑
蔡依林_0_4,2000-2005,蔡依林,2013,专辑
蔡依林_0_4,2000-2005,蔡依林,2013,专辑
蔡依林_0_4,2000-2005,蔡依林,2013,专辑
蔡依林_0_4,2000-2005,蔡依林,2013,专辑
蔡依林_0_4,2000-2005,蔡依林,2013,专辑
蔡依林_0_4,2000-2005,蔡依林,2013,专辑
蔡依林_0_4,2000-2005,蔡依林,2013,专辑
蔡依林_0_4,2000-2005,蔡依林,2013,专辑
蔡依林_0_4,2000-2005,蔡依林,2013,专辑
蔡依林_0_4,2000-2005,蔡依林,2013,专辑
蔡依林_0_4,2000-2005,蔡依林,2013,专辑
蔡依林_0_4,2000-2005,蔡依林,2013,专辑
蔡依林_0_4,2000-2005,蔡依林,2013,专辑
蔡依林_0_4,2000-2005,蔡依林,2013,专辑
蔡依林_0_4,2000-2005,蔡依林,2014,商业
蔡依林_0_4,2000-2005,蔡依林,2014,专辑
蔡依林_0_4,2000-2005,蔡依林,2014,专辑
蔡依林_0_4,2000-2005,蔡依林,2014,专辑
蔡依林_0_4,2000-2005,蔡依林,2014,专辑
蔡依林_0_4,2000-2005,蔡依林,2014,专辑
蔡依林_0_4,2000-2005,蔡依林,2014,专辑
蔡依林_0_4,2000-2005,蔡依林,2014,专辑
蔡依林_0_4,2000-2005,蔡依林,2014,专辑
蔡依林_0_4,2000-2005,蔡依林,2014,专辑
蔡依林_0_4,2000-2005,蔡依林,2014,专辑
蔡依林_0_4,2000-2005,蔡依林,2014,专辑
蔡依林_0_4,2000-2005,蔡依林,2014,专辑
蔡依林_0_4,2000-2005,蔡依林,2014,专辑
蔡依林_0_4,2000-2005,蔡依林,2014,专辑
蔡依林_0_4,2000-2005,蔡依林,2014,专辑
蔡依林_0_4,2000-2005,蔡依林,2014,专辑
蔡依林_0_4,2000-2005,蔡依林,2014,专辑
蔡依林_0_4,2000-2005,蔡依林,2014,专辑
蔡依林_0_4,2000-2005,蔡依林,2014,专辑
蔡依林_0_4,2000-2005,蔡依林,2014,专辑
蔡依林_0_4,2000-2005,蔡依林,2014,专辑
蔡依林_0_4,2000-2005,蔡依林,2016,专辑
蔡依林_0_4,2000-2005,蔡依林,2016,翻唱
蔡依林_0_4,2000-2005,蔡依林,2016,专辑
蔡依林_0_4,2000-2005,蔡依林,2017,商业
蔡依林_0_4,2000-2005,蔡依林,2017,专辑
蔡依林_0_4,2000-2005,蔡依林,2017,商业
蔡依林_0_4,2000-2005,蔡依林,2017,商业
蔡依林_0_4,2000-2005,蔡依林,2018,专辑
蔡依林_0_4,2000-2005,蔡依林,2018,商业
蔡依林_0_4,2000-2005,蔡依林,2018,专辑
蔡依林_0_4,2000-2005,蔡依林,2018,专辑
蔡依林_0_4,2000-2005,蔡依林,2018,专辑
蔡依林_0_4,2000-2005,蔡依林,2018,专辑
蔡依林_0_4,2000-2005,蔡依林,2018,专辑
蔡依林_0_4,2000-2005,蔡依林,2018,专辑
蔡依林_0_4,2000-2005,蔡依林,2018,专辑
蔡依林_0_4,2000-2005,蔡依林,2018,专辑
蔡依林_0_4,2000-2005,蔡依林,2018,专辑
蔡依林_0_4,2000-2005,蔡依林,2018,专辑
蔡依林_0_4,2000-2005,蔡依林,2018,专辑
蔡依林_0_4,2000-2005,蔡依林,2018,专辑
蔡依林_0_4,2000-2005,蔡依林,2018,专辑
蔡依林_0_4,2000-2005,蔡依林,2018,专辑
蔡依林_0_4,2000-2005,蔡依林,2018,专辑
蔡依林_0_4,2000-2005,蔡依林,2018,专辑
蔡依林_0_4,2000-2005,蔡依林,2018,专辑
蔡依林_0_4,2000-2005,蔡依林,2018,专辑
蔡依林_0_4,2000-2005,蔡依林,2018,专辑
蔡依林_0_4,2000-2005,蔡依林,2018,专辑
蔡依林_0_4,2000-2005,蔡依林,2018,专辑
蔡依林_0_4,2000-2005,蔡依林,2018,专辑
蔡依林_0_4,2000-2005,蔡依林,2018,专辑
蔡依林_0_4,2000-2005,蔡依林,2018,专辑
蔡依林_0_4,2000-2005,蔡依林,2018,专辑
蔡依林_0_4,2000-2005,蔡依林,2018,专辑
蔡依林_0_4,2000-2005,蔡依林,2018,专辑
蔡依林_0_4,2000-2005,蔡依林,2018,专辑
蔡依林_0_4,2000-2005,蔡依林,2018,专辑
蔡依林_0_4,2000-2005,蔡依林,2018,专辑
蔡依林_0_4,2000-2005,蔡依林,2018,专辑
蔡依林_0_4,2000-2005,蔡依林,2018,专辑
蔡依林_0_4,2000-2005,蔡依林,2018,专辑
蔡依林_0_4,2000-2005,蔡依林,2018,专辑
蔡依林_0_4,2000-2005,蔡依林,2018,专辑
蔡依林_0_4,2000-2005,蔡依林,2018,专辑
蔡依林_0_4,2000-2005,蔡依林,2018,专辑
蔡依林_0_4,2000-2005,蔡依林,2019,商业
蔡依林_0_4,2000-2005,蔡依林,2019,专辑
周笔畅_1_0,2006-2010,周笔畅,2006,专辑
周笔畅_1_0,2006-2010,周笔畅,2006,专辑
周笔畅_1_0,2006-2010,周笔畅,2006,专辑
周笔畅_1_0,2006-2010,周笔畅,2006,专辑
周笔畅_1_0,2006-2010,周笔畅,2006,专辑
周笔畅_1_0,2006-2010,周笔畅,2006,专辑
周笔畅_1_0,2006-2010,周笔畅,2006,专辑
周笔畅_1_0,2006-2010,周笔畅,2006,专辑
周笔畅_1_0,2006-2010,周笔畅,2006,专辑
周笔畅_1_0,2006-2010,周笔畅,2006,专辑
周笔畅_1_0,2006-2010,周笔畅,2006,专辑
周笔畅_1_0,2006-2010,周笔畅,2006,专辑
周笔畅_1_0,2006-2010,周笔畅,2006,专辑
周笔畅_1_0,2006-2010,周笔畅,2006,专辑
周笔畅_1_0,2006-2010,周笔畅,2007,商业
周笔畅_1_0,2006-2010,周笔畅,2007,专辑
周笔畅_1_0,2006-2010,周笔畅,2007,专辑
周笔畅_1_0,2006-2010,周笔畅,2007,专辑
周笔畅_1_0,2006-2010,周笔畅,2007,专辑
周笔畅_1_0,2006-2010,周笔畅,2007,专辑
周笔畅_1_0,2006-2010,周笔畅,2007,专辑
周笔畅_1_0,2006-2010,周笔畅,2007,专辑
周笔畅_1_0,2006-2010,周笔畅,2007,专辑
周笔畅_1_0,2006-2010,周笔畅,2007,专辑
周笔畅_1_0,2006-2010,周笔畅,2007,专辑
周笔畅_1_0,2006-2010,周笔畅,2007,专辑
周笔畅_1_0,2006-2010,周笔畅,2007,专辑
周笔畅_1_0,2006-2010,周笔畅,2007,专辑
周笔畅_1_0,2006-2010,周笔畅,2007,专辑
周笔畅_1_0,2006-2010,周笔畅,2007,专辑
周笔畅_1_0,2006-2010,周笔畅,2007,专辑
周笔畅_1_0,2006-2010,周笔畅,2007,专辑
周笔畅_1_0,2006-2010,周笔畅,2007,专辑
周笔畅_1_0,2006-2010,周笔畅,2007,专辑
周笔畅_1_0,2006-2010,周笔畅,2007,专辑
周笔畅_1_0,2006-2010,周笔畅,2009,专辑
周笔畅_1_0,2006-2010,周笔畅,2009,专辑
周笔畅_1_0,2006-2010,周笔畅,2009,专辑
周笔畅_1_0,2006-2010,周笔畅,2009,专辑
周笔畅_1_0,2006-2010,周笔畅,2009,专辑
周笔畅_1_0,2006-2010,周笔畅,2009,专辑
周笔畅_1_0,2006-2010,周笔畅,2009,专辑
周笔畅_1_0,2006-2010,周笔畅,2009,专辑
周笔畅_1_0,2006-2010,周笔畅,2009,专辑
周笔畅_1_0,2006-2010,周笔畅,2009,专辑
周笔畅_1_0,2006-2010,周笔畅,2010,商业
周笔畅_1_0,2006-2010,周笔畅,2010,商业
周笔畅_1_0,2006-2010,周笔畅,2010,专辑
周笔畅_1_0,2006-2010,周笔畅,2010,专辑
周笔畅_1_0,2006-2010,周笔畅,2010,专辑
周笔畅_1_0,2006-2010,周笔畅,2010,专辑
周笔畅_1_0,2006-2010,周笔畅,2010,专辑
周笔畅_1_0,2006-2010,周笔畅,2010,专辑
周笔畅_1_0,2006-2010,周笔畅,2010,专辑
周笔畅_1_0,2006-2010,周笔畅,2010,专辑
周笔畅_1_0,2006-2010,周笔畅,2010,专辑
周笔畅_1_0,2006-2010,周笔畅,2010,专辑
周笔畅_1_0,2006-2010,周笔畅,2010,专辑
周笔畅_1_0,2006-2010,周笔畅,2011,专辑
周笔畅_1_0,2006-2010,周笔畅,2011,专辑
周笔畅_1_0,2006-2010,周笔畅,2011,专辑
周笔畅_1_0,2006-2010,周笔畅,2011,专辑
周笔畅_1_0,2006-2010,周笔畅,2011,专辑
周笔畅_1_0,2006-2010,周笔畅,2011,专辑
周笔畅_1_0,2006-2010,周笔畅,2011,专辑
周笔畅_1_0,2006-2010,周笔畅,2011,专辑
周笔畅_1_0,2006-2010,周笔畅,2011,专辑
周笔畅_1_0,2006-2010,周笔畅,2011,专辑
周笔畅_1_0,2006-2010,周笔畅,2011,专辑
周笔畅_1_0,2006-2010,周笔畅,2011,专辑
周笔畅_1_0,2006-2010,周笔畅,2011,专辑
周笔畅_1_0,2006-2010,周笔畅,2011,专辑
周笔畅_1_0,2006-2010,周笔畅,2011,专辑
周笔畅_1_0,2006-2010,周笔畅,2011,专辑
周笔畅_1_0,2006-2010,周笔畅,2011,专辑
周笔畅_1_0,2006-2010,周笔畅,2011,专辑
周笔畅_1_0,2006-2010,周笔畅,2011,专辑
周笔畅_1_0,2006-2010,周笔畅,2011,专辑
周笔畅_1_0,2006-2010,周笔畅,2011,专辑
周笔畅_1_0,2006-2010,周笔畅,2011,专辑
周笔畅_1_0,2006-2010,周笔畅,2011,专辑
周笔畅_1_0,2006-2010,周笔畅,2011,专辑
周笔畅_1_0,2006-2010,周笔畅,2011,专辑
周笔畅_1_0,2006-2010,周笔畅,2011,专辑
周笔畅_1_0,2006-2010,周笔畅,2011,专辑
周笔畅_1_0,2006-2010,周笔畅,2011,专辑
周笔畅_1_0,2006-2010,周笔畅,2011,专辑
周笔畅_1_0,2006-2010,周笔畅,2011,专辑
周笔畅_1_0,2006-2010,周笔畅,2011,专辑
周笔畅_1_0,2006-2010,周笔畅,2011,专辑
周笔畅_1_0,2006-2010,周笔畅,2012,专辑
周笔畅_1_0,2006-2010,周笔畅,2012,专辑
周笔畅_1_0,2006-2010,周笔畅,2013,专辑
周笔畅_1_0,2006-2010,周笔畅,2013,专辑
周笔畅_1_0,2006-2010,周笔畅,2013,专辑
周笔畅_1_0,2006-2010,周笔畅,2013,专辑
周笔畅_1_0,2006-2010,周笔畅,2013,专辑
周笔畅_1_0,2006-2010,周笔畅,2013,专辑
周笔畅_1_0,2006-2010,周笔畅,2013,专辑
周笔畅_1_0,2006-2010,周笔畅,2013,专辑
周笔畅_1_0,2006-2010,周笔畅,2013,专辑
周笔畅_1_0,2006-2010,周笔畅,2013,专辑
周笔畅_1_0,2006-2010,周笔畅,2013,专辑
周笔畅_1_0,2006-2010,周笔畅,2013,专辑
周笔畅_1_0,2006-2010,周笔畅,2013,专辑
周笔畅_1_0,2006-2010,周笔畅,2013,专辑
周笔畅_1_0,2006-2010,周笔畅,2013,专辑
周笔畅_1_0,2006-2010,周笔畅,2013,专辑
周笔畅_1_0,2006-2010,周笔畅,2013,专辑
周笔畅_1_0,2006-2010,周笔畅,2013,专辑
周笔畅_1_0,2006-2010,周笔畅,2013,专辑
周笔畅_1_0,2006-2010,周笔畅,2013,专辑
周笔畅_1_0,2006-2010,周笔畅,2013,专辑
周笔畅_1_0,2006-2010,周笔畅,2013,专辑
周笔畅_1_0,2006-2010,周笔畅,2013,专辑
周笔畅_1_0,2006-2010,周笔畅,2013,专辑
周笔畅_1_0,2006-2010,周笔畅,2013,专辑
周笔畅_1_0,2006-2010,周笔畅,2013,专辑
周笔畅_1_0,2006-2010,周笔畅,2013,专辑
周笔畅_1_0,2006-2010,周笔畅,2013,专辑
周笔畅_1_0,2006-2010,周笔畅,2013,专辑
周笔畅_1_0,2006-2010,周笔畅,2013,专辑
周笔畅_1_0,2006-2010,周笔畅,2013,专辑
周笔畅_1_0,2006-2010,周笔畅,2013,专辑
周笔畅_1_0,2006-2010,周笔畅,2013,专辑
周笔畅_1_0,2006-2010,周笔畅,2013,专辑
周笔畅_1_0,2006-2010,周笔畅,2013,专辑
周笔畅_1_0,2006-2010,周笔畅,2013,专辑
周笔畅_1_0,2006-2010,周笔畅,2013,专辑
周笔畅_1_0,2006-2010,周笔畅,2013,专辑
周笔畅_1_0,2006-2010,周笔畅,2014,专辑
周笔畅_1_0,2006-2010,周笔畅,2014,商业
周笔畅_1_0,2006-2010,周笔畅,2015,专辑
周笔畅_1_0,2006-2010,周笔畅,2015,专辑
周笔畅_1_0,2006-2010,周笔畅,2015,商业
周笔畅_1_0,2006-2010,周笔畅,2015,专辑
周笔畅_1_0,2006-2010,周笔畅,2015,商业
周笔畅_1_0,2006-2010,周笔畅,2015,专辑
周笔畅_1_0,2006-2010,周笔畅,2015,专辑
周笔畅_1_0,2006-2010,周笔畅,2015,商业
周笔畅_1_0,2006-2010,周笔畅,2015,商业
周笔畅_1_0,2006-2010,周笔畅,2015,专辑
周笔畅_1_0,2006-2010,周笔畅,2015,专辑
周笔畅_1_0,2006-2010,周笔畅,2015,专辑
周笔畅_1_0,2006-2010,周笔畅,2015,专辑
周笔畅_1_0,2006-2010,周笔畅,2015,专辑
周笔畅_1_0,2006-2010,周笔畅,2015,专辑
周笔畅_1_0,2006-2010,周笔畅,2015,专辑
周笔畅_1_0,2006-2010,周笔畅,2015,专辑
周笔畅_1_0,2006-2010,周笔畅,2015,专辑
周笔畅_1_0,2006-2010,周笔畅,2015,专辑
周笔畅_1_0,2006-2010,周笔畅,2015,专辑
周笔畅_1_0,2006-2010,周笔畅,2015,专辑
周笔畅_1_0,2006-2010,周笔畅,2015,专辑
周笔畅_1_0,2006-2010,周笔畅,2015,专辑
周笔畅_1_0,2006-2010,周笔畅,2015,专辑
周笔畅_1_0,2006-2010,周笔畅,2015,专辑
周笔畅_1_0,2006-2010,周笔畅,2015,专辑
周笔畅_1_0,2006-2010,周笔畅,2015,专辑
周笔畅_1_0,2006-2010,周笔畅,2015,专辑
周笔畅_1_0,2006-2010,周笔畅,2015,专辑
周笔畅_1_0,2006-2010,周笔畅,2015,专辑
周笔畅_1_0,2006-2010,周笔畅,2015,专辑
周笔畅_1_0,2006-2010,周笔畅,2015,专辑
周笔畅_1_0,2006-2010,周笔畅,2015,专辑
周笔畅_1_0,2006-2010,周笔畅,2015,专辑
周笔畅_1_0,2006-2010,周笔畅,2015,专辑
周笔畅_1_0,2006-2010,周笔畅,2015,专辑
周笔畅_1_0,2006-2010,周笔畅,2015,专辑
周笔畅_1_0,2006-2010,周笔畅,2015,专辑
周笔畅_1_0,2006-2010,周笔畅,2015,专辑
周笔畅_1_0,2006-2010,周笔畅,2015,专辑
周笔畅_1_0,2006-2010,周笔畅,2015,专辑
周笔畅_1_0,2006-2010,周笔畅,2015,专辑
周笔畅_1_0,2006-2010,周笔畅,2015,专辑
周笔畅_1_0,2006-2010,周笔畅,2015,专辑
周笔畅_1_0,2006-2010,周笔畅,2015,专辑
周笔畅_1_0,2006-2010,周笔畅,2015,专辑
周笔畅_1_0,2006-2010,周笔畅,2015,专辑
周笔畅_1_0,2006-2010,周笔畅,2015,专辑
周笔畅_1_0,2006-2010,周笔畅,2015,专辑
周笔畅_1_0,2006-2010,周笔畅,2015,专辑
周笔畅_1_0,2006-2010,周笔畅,2016,商业
周笔畅_1_0,2006-2010,周笔畅,2016,商业
周笔畅_1_0,2006-2010,周笔畅,2016,商业
周笔畅_1_0,2006-2010,周笔畅,2016,专辑
周笔畅_1_0,2006-2010,周笔畅,2016,商业
周笔畅_1_0,2006-2010,周笔畅,2017,商业
周笔畅_1_0,2006-2010,周笔畅,2017,专辑
周笔畅_1_0,2006-2010,周笔畅,2017,专辑
周笔畅_1_0,2006-2010,周笔畅,2017,商业
周笔畅_1_0,2006-2010,周笔畅,2017,专辑
周笔畅_1_0,2006-2010,周笔畅,2017,专辑
周笔畅_1_0,2006-2010,周笔畅,2017,专辑
周笔畅_1_0,2006-2010,周笔畅,2017,专辑
周笔畅_1_0,2006-2010,周笔畅,2017,专辑
周笔畅_1_0,2006-2010,周笔畅,2017,专辑
周笔畅_1_0,2006-2010,周笔畅,2017,专辑
周笔畅_1_0,2006-2010,周笔畅,2017,专辑
周笔畅_1_0,2006-2010,周笔畅,2017,专辑
周笔畅_1_0,2006-2010,周笔畅,2017,专辑
周笔畅_1_0,2006-2010,周笔畅,2017,专辑
周笔畅_1_0,2006-2010,周笔畅,2017,专辑
周笔畅_1_0,2006-2010,周笔畅,2017,专辑
周笔畅_1_0,2006-2010,周笔畅,2017,专辑
周笔畅_1_0,2006-2010,周笔畅,2017,专辑
周笔畅_1_0,2006-2010,周笔畅,2018,专辑
周笔畅_1_0,2006-2010,周笔畅,2018,商业
周笔畅_1_0,2006-2010,周笔畅,2018,商业
周笔畅_1_0,2006-2010,周笔畅,2018,专辑
周笔畅_1_0,2006-2010,周笔畅,2018,商业
周笔畅_1_0,2006-2010,周笔畅,2018,商业
周笔畅_1_0,2006-2010,周笔畅,2018,商业
周笔畅_1_0,2006-2010,周笔畅,2018,专辑
周笔畅_1_0,2006-2010,周笔畅,2018,专辑
周笔畅_1_0,2006-2010,周笔畅,2018,专辑
周笔畅_1_0,2006-2010,周笔畅,2018,专辑
周笔畅_1_0,2006-2010,周笔畅,2018,专辑
周笔畅_1_0,2006-2010,周笔畅,2018,专辑
周笔畅_1_0,2006-2010,周笔畅,2019,商业
周笔畅_1_0,2006-2010,周笔畅,2019,专辑
周笔畅_1_0,2006-2010,周笔畅,2019,商业
周笔畅_1_0,2006-2010,周笔畅,2019,专辑
周笔畅_1_0,2006-2010,周笔畅,2019,商业
周笔畅_1_0,2006-2010,周笔畅,2019,专辑
周笔畅_1_0,2006-2010,周笔畅,2019,专辑
周笔畅_1_0,2006-2010,周笔畅,2019,专辑
周笔畅_1_0,2006-2010,周笔畅,2019,专辑
周笔畅_1_0,2006-2010,周笔畅,2019,专辑
周笔畅_1_0,2006-2010,周笔畅,2019,专辑
周笔畅_1_0,2006-2010,周笔畅,2019,专辑
李荣浩_1_1,2006-2010,李荣浩,2010,专辑
李荣浩_1_1,2006-2010,李荣浩,2010,专辑
李荣浩_1_1,2006-2010,李荣浩,2013,专辑
李荣浩_1_1,2006-2010,李荣浩,2013,专辑
李荣浩_1_1,2006-2010,李荣浩,2013,专辑
李荣浩_1_1,2006-2010,李荣浩,2013,专辑
李荣浩_1_1,2006-2010,李荣浩,2013,专辑
李荣浩_1_1,2006-2010,李荣浩,2013,专辑
李荣浩_1_1,2006-2010,李荣浩,2013,专辑
李荣浩_1_1,2006-2010,李荣浩,2013,专辑
李荣浩_1_1,2006-2010,李荣浩,2013,专辑
李荣浩_1_1,2006-2010,李荣浩,2013,专辑
李荣浩_1_1,2006-2010,李荣浩,2014,专辑
李荣浩_1_1,2006-2010,李荣浩,2014,专辑
李荣浩_1_1,2006-2010,李荣浩,2014,专辑
李荣浩_1_1,2006-2010,李荣浩,2014,专辑
李荣浩_1_1,2006-2010,李荣浩,2014,专辑
李荣浩_1_1,2006-2010,李荣浩,2014,专辑
李荣浩_1_1,2006-2010,李荣浩,2014,专辑
李荣浩_1_1,2006-2010,李荣浩,2014,专辑
李荣浩_1_1,2006-2010,李荣浩,2014,专辑
李荣浩_1_1,2006-2010,李荣浩,2014,专辑
李荣浩_1_1,2006-2010,李荣浩,2014,专辑
李荣浩_1_1,2006-2010,李荣浩,2014,专辑
李荣浩_1_1,2006-2010,李荣浩,2015,商业
李荣浩_1_1,2006-2010,李荣浩,2015,专辑
李荣浩_1_1,2006-2010,李荣浩,2015,专辑
李荣浩_1_1,2006-2010,李荣浩,2015,专辑
李荣浩_1_1,2006-2010,李荣浩,2015,专辑
李荣浩_1_1,2006-2010,李荣浩,2015,专辑
李荣浩_1_1,2006-2010,李荣浩,2015,专辑
李荣浩_1_1,2006-2010,李荣浩,2015,专辑
李荣浩_1_1,2006-2010,李荣浩,2015,专辑
李荣浩_1_1,2006-2010,李荣浩,2015,专辑
李荣浩_1_1,2006-2010,李荣浩,2015,专辑
李荣浩_1_1,2006-2010,李荣浩,2015,专辑
李荣浩_1_1,2006-2010,李荣浩,2015,专辑
李荣浩_1_1,2006-2010,李荣浩,2015,专辑
李荣浩_1_1,2006-2010,李荣浩,2015,专辑
李荣浩_1_1,2006-2010,李荣浩,2015,专辑
李荣浩_1_1,2006-2010,李荣浩,2015,专辑
李荣浩_1_1,2006-2010,李荣浩,2015,专辑
李荣浩_1_1,2006-2010,李荣浩,2015,专辑
李荣浩_1_1,2006-2010,李荣浩,2015,专辑
李荣浩_1_1,2006-2010,李荣浩,2015,专辑
李荣浩_1_1,2006-2010,李荣浩,2015,专辑
李荣浩_1_1,2006-2010,李荣浩,2015,专辑
李荣浩_1_1,2006-2010,李荣浩,2015,专辑
李荣浩_1_1,2006-2010,李荣浩,2015,专辑
李荣浩_1_1,2006-2010,李荣浩,2015,专辑
李荣浩_1_1,2006-2010,李荣浩,2016,专辑
李荣浩_1_1,2006-2010,李荣浩,2016,专辑
李荣浩_1_1,2006-2010,李荣浩,2016,专辑
李荣浩_1_1,2006-2010,李荣浩,2016,专辑
李荣浩_1_1,2006-2010,李荣浩,2016,专辑
李荣浩_1_1,2006-2010,李荣浩,2016,专辑
李荣浩_1_1,2006-2010,李荣浩,2016,专辑
李荣浩_1_1,2006-2010,李荣浩,2016,专辑
李荣浩_1_1,2006-2010,李荣浩,2016,专辑
李荣浩_1_1,2006-2010,李荣浩,2016,专辑
李荣浩_1_1,2006-2010,李荣浩,2016,专辑
李荣浩_1_1,2006-2010,李荣浩,2017,专辑
李荣浩_1_1,2006-2010,李荣浩,2017,商业
李荣浩_1_1,2006-2010,李荣浩,2017,专辑
李荣浩_1_1,2006-2010,李荣浩,2017,专辑
李荣浩_1_1,2006-2010,李荣浩,2017,专辑
李荣浩_1_1,2006-2010,李荣浩,2017,专辑
李荣浩_1_1,2006-2010,李荣浩,2017,专辑
李荣浩_1_1,2006-2010,李荣浩,2017,专辑
李荣浩_1_1,2006-2010,李荣浩,2017,专辑
李荣浩_1_1,2006-2010,李荣浩,2017,专辑
李荣浩_1_1,2006-2010,李荣浩,2017,专辑
李荣浩_1_1,2006-2010,李荣浩,2018,商业
李荣浩_1_1,2006-2010,李荣浩,2018,专辑
李荣浩_1_1,2006-2010,李荣浩,2018,专辑
李荣浩_1_1,2006-2010,李荣浩,2018,专辑
李荣浩_1_1,2006-2010,李荣浩,2018,专辑
李荣浩_1_1,2006-2010,李荣浩,2018,专辑
李荣浩_1_1,2006-2010,李荣浩,2018,专辑
李荣浩_1_1,2006-2010,李荣浩,2018,专辑
李荣浩_1_1,2006-2010,李荣浩,2018,专辑
李荣浩_1_1,2006-2010,李荣浩,2018,专辑
李荣浩_1_1,2006-2010,李荣浩,2018,专辑
李荣浩_1_1,2006-2010,李荣浩,2019,专辑
李荣浩_1_1,2006-2010,李荣浩,2019,专辑
林宥嘉_1_2,2006-2010,林宥嘉,2008,专辑
林宥嘉_1_2,2006-2010,林宥嘉,2008,专辑
林宥嘉_1_2,2006-2010,林宥嘉,2008,专辑
林宥嘉_1_2,2006-2010,林宥嘉,2008,专辑
林宥嘉_1_2,2006-2010,林宥嘉,2008,专辑
林宥嘉_1_2,2006-2010,林宥嘉,2008,专辑
林宥嘉_1_2,2006-2010,林宥嘉,2008,专辑
林宥嘉_1_2,2006-2010,林宥嘉,2008,专辑
林宥嘉_1_2,2006-2010,林宥嘉,2008,专辑
林宥嘉_1_2,2006-2010,林宥嘉,2008,专辑
林宥嘉_1_2,2006-2010,林宥嘉,2008,专辑
林宥嘉_1_2,2006-2010,林宥嘉,2008,专辑
林宥嘉_1_2,2006-2010,林宥嘉,2008,专辑
林宥嘉_1_2,2006-2010,林宥嘉,2008,专辑
林宥嘉_1_2,2006-2010,林宥嘉,2008,专辑
林宥嘉_1_2,2006-2010,林宥嘉,2008,专辑
林宥嘉_1_2,2006-2010,林宥嘉,2008,专辑
林宥嘉_1_2,2006-2010,林宥嘉,2008,专辑
林宥嘉_1_2,2006-2010,林宥嘉,2008,专辑
林宥嘉_1_2,2006-2010,林宥嘉,2008,专辑
林宥嘉_1_2,2006-2010,林宥嘉,2008,专辑
林宥嘉_1_2,2006-2010,林宥嘉,2008,专辑
林宥嘉_1_2,2006-2010,林宥嘉,2008,专辑
林宥嘉_1_2,2006-2010,林宥嘉,2009,专辑
林宥嘉_1_2,2006-2010,林宥嘉,2009,专辑
林宥嘉_1_2,2006-2010,林宥嘉,2009,专辑
林宥嘉_1_2,2006-2010,林宥嘉,2009,专辑
林宥嘉_1_2,2006-2010,林宥嘉,2009,专辑
林宥嘉_1_2,2006-2010,林宥嘉,2009,专辑
林宥嘉_1_2,2006-2010,林宥嘉,2009,专辑
林宥嘉_1_2,2006-2010,林宥嘉,2009,专辑
林宥嘉_1_2,2006-2010,林宥嘉,2009,专辑
林宥嘉_1_2,2006-2010,林宥嘉,2009,专辑
林宥嘉_1_2,2006-2010,林宥嘉,2009,专辑
林宥嘉_1_2,2006-2010,林宥嘉,2009,专辑
林宥嘉_1_2,2006-2010,林宥嘉,2009,专辑
林宥嘉_1_2,2006-2010,林宥嘉,2009,专辑
林宥嘉_1_2,2006-2010,林宥嘉,2009,专辑
林宥嘉_1_2,2006-2010,林宥嘉,2009,专辑
林宥嘉_1_2,2006-2010,林宥嘉,2009,专辑
林宥嘉_1_2,2006-2010,林宥嘉,2009,专辑
林宥嘉_1_2,2006-2010,林宥嘉,2009,专辑
林宥嘉_1_2,2006-2010,林宥嘉,2009,专辑
林宥嘉_1_2,2006-2010,林宥嘉,2009,专辑
林宥嘉_1_2,2006-2010,林宥嘉,2009,专辑
林宥嘉_1_2,2006-2010,林宥嘉,2009,专辑
林宥嘉_1_2,2006-2010,林宥嘉,2009,专辑
林宥嘉_1_2,2006-2010,林宥嘉,2009,专辑
林宥嘉_1_2,2006-2010,林宥嘉,2009,专辑
林宥嘉_1_2,2006-2010,林宥嘉,2009,专辑
林宥嘉_1_2,2006-2010,林宥嘉,2009,专辑
林宥嘉_1_2,2006-2010,林宥嘉,2009,专辑
林宥嘉_1_2,2006-2010,林宥嘉,2009,专辑
林宥嘉_1_2,2006-2010,林宥嘉,2009,专辑
林宥嘉_1_2,2006-2010,林宥嘉,2009,专辑
林宥嘉_1_2,2006-2010,林宥嘉,2009,专辑
林宥嘉_1_2,2006-2010,林宥嘉,2009,专辑
林宥嘉_1_2,2006-2010,林宥嘉,2009,专辑
林宥嘉_1_2,2006-2010,林宥嘉,2009,专辑
林宥嘉_1_2,2006-2010,林宥嘉,2010,专辑
林宥嘉_1_2,2006-2010,林宥嘉,2010,专辑
林宥嘉_1_2,2006-2010,林宥嘉,2010,专辑
林宥嘉_1_2,2006-2010,林宥嘉,2010,专辑
林宥嘉_1_2,2006-2010,林宥嘉,2010,专辑
林宥嘉_1_2,2006-2010,林宥嘉,2010,专辑
林宥嘉_1_2,2006-2010,林宥嘉,2010,专辑
林宥嘉_1_2,2006-2010,林宥嘉,2010,专辑
林宥嘉_1_2,2006-2010,林宥嘉,2010,专辑
林宥嘉_1_2,2006-2010,林宥嘉,2010,专辑
林宥嘉_1_2,2006-2010,林宥嘉,2010,专辑
林宥嘉_1_2,2006-2010,林宥嘉,2010,专辑
林宥嘉_1_2,2006-2010,林宥嘉,2010,专辑
林宥嘉_1_2,2006-2010,林宥嘉,2010,专辑
林宥嘉_1_2,2006-2010,林宥嘉,2010,专辑
林宥嘉_1_2,2006-2010,林宥嘉,2010,专辑
林宥嘉_1_2,2006-2010,林宥嘉,2010,专辑
林宥嘉_1_2,2006-2010,林宥嘉,2010,专辑
林宥嘉_1_2,2006-2010,林宥嘉,2010,专辑
林宥嘉_1_2,2006-2010,林宥嘉,2010,专辑
林宥嘉_1_2,2006-2010,林宥嘉,2010,专辑
林宥嘉_1_2,2006-2010,林宥嘉,2010,专辑
林宥嘉_1_2,2006-2010,林宥嘉,2010,专辑
林宥嘉_1_2,2006-2010,林宥嘉,2010,专辑
林宥嘉_1_2,2006-2010,林宥嘉,2010,专辑
林宥嘉_1_2,2006-2010,林宥嘉,2010,专辑
林宥嘉_1_2,2006-2010,林宥嘉,2010,专辑
林宥嘉_1_2,2006-2010,林宥嘉,2010,专辑
林宥嘉_1_2,2006-2010,林宥嘉,2010,专辑
林宥嘉_1_2,2006-2010,林宥嘉,2010,专辑
林宥嘉_1_2,2006-2010,林宥嘉,2010,专辑
林宥嘉_1_2,2006-2010,林宥嘉,2010,专辑
林宥嘉_1_2,2006-2010,林宥嘉,2010,专辑
林宥嘉_1_2,2006-2010,林宥嘉,2010,专辑
林宥嘉_1_2,2006-2010,林宥嘉,2011,专辑
林宥嘉_1_2,2006-2010,林宥嘉,2011,专辑
林宥嘉_1_2,2006-2010,林宥嘉,2011,商业
林宥嘉_1_2,2006-2010,林宥嘉,2011,专辑
林宥嘉_1_2,2006-2010,林宥嘉,2011,专辑
林宥嘉_1_2,2006-2010,林宥嘉,2011,专辑
林宥嘉_1_2,2006-2010,林宥嘉,2011,专辑
林宥嘉_1_2,2006-2010,林宥嘉,2011,专辑
林宥嘉_1_2,2006-2010,林宥嘉,2011,专辑
林宥嘉_1_2,2006-2010,林宥嘉,2011,专辑
林宥嘉_1_2,2006-2010,林宥嘉,2011,专辑
林宥嘉_1_2,2006-2010,林宥嘉,2011,专辑
林宥嘉_1_2,2006-2010,林宥嘉,2011,专辑
林宥嘉_1_2,2006-2010,林宥嘉,2011,专辑
林宥嘉_1_2,2006-2010,林宥嘉,2011,专辑
林宥嘉_1_2,2006-2010,林宥嘉,2011,专辑
林宥嘉_1_2,2006-2010,林宥嘉,2011,专辑
林宥嘉_1_2,2006-2010,林宥嘉,2011,专辑
林宥嘉_1_2,2006-2010,林宥嘉,2011,专辑
林宥嘉_1_2,2006-2010,林宥嘉,2011,专辑
林宥嘉_1_2,2006-2010,林宥嘉,2011,专辑
林宥嘉_1_2,2006-2010,林宥嘉,2011,专辑
林宥嘉_1_2,2006-2010,林宥嘉,2011,专辑
林宥嘉_1_2,2006-2010,林宥嘉,2011,专辑
林宥嘉_1_2,2006-2010,林宥嘉,2011,专辑
林宥嘉_1_2,2006-2010,林宥嘉,2011,专辑
林宥嘉_1_2,2006-2010,林宥嘉,2011,专辑
林宥嘉_1_2,2006-2010,林宥嘉,2011,专辑
林宥嘉_1_2,2006-2010,林宥嘉,2011,专辑
林宥嘉_1_2,2006-2010,林宥嘉,2011,专辑
林宥嘉_1_2,2006-2010,林宥嘉,2011,专辑
林宥嘉_1_2,2006-2010,林宥嘉,2011,专辑
林宥嘉_1_2,2006-2010,林宥嘉,2011,专辑
林宥嘉_1_2,2006-2010,林宥嘉,2011,专辑
林宥嘉_1_2,2006-2010,林宥嘉,2011,专辑
林宥嘉_1_2,2006-2010,林宥嘉,2011,专辑
林宥嘉_1_2,2006-2010,林宥嘉,2011,专辑
林宥嘉_1_2,2006-2010,林宥嘉,2012,专辑
林宥嘉_1_2,2006-2010,林宥嘉,2012,专辑
林宥嘉_1_2,2006-2010,林宥嘉,2012,专辑
林宥嘉_1_2,2006-2010,林宥嘉,2012,专辑
林宥嘉_1_2,2006-2010,林宥嘉,2012,专辑
林宥嘉_1_2,2006-2010,林宥嘉,2012,专辑
林宥嘉_1_2,2006-2010,林宥嘉,2012,专辑
林宥嘉_1_2,2006-2010,林宥嘉,2012,专辑
林宥嘉_1_2,2006-2010,林宥嘉,2012,专辑
林宥嘉_1_2,2006-2010,林宥嘉,2012,专辑
林宥嘉_1_2,2006-2010,林宥嘉,2012,专辑
林宥嘉_1_2,2006-2010,林宥嘉,2012,专辑
林宥嘉_1_2,2006-2010,林宥嘉,2012,专辑
林宥嘉_1_2,2006-2010,林宥嘉,2012,专辑
林宥嘉_1_2,2006-2010,林宥嘉,2012,专辑
林宥嘉_1_2,2006-2010,林宥嘉,2013,专辑
林宥嘉_1_2,2006-2010,林宥嘉,2013,专辑
林宥嘉_1_2,2006-2010,林宥嘉,2013,专辑
林宥嘉_1_2,2006-2010,林宥嘉,2013,专辑
林宥嘉_1_2,2006-2010,林宥嘉,2013,专辑
林宥嘉_1_2,2006-2010,林宥嘉,2013,专辑
林宥嘉_1_2,2006-2010,林宥嘉,2013,专辑
林宥嘉_1_2,2006-2010,林宥嘉,2013,专辑
林宥嘉_1_2,2006-2010,林宥嘉,2013,专辑
林宥嘉_1_2,2006-2010,林宥嘉,2013,专辑
林宥嘉_1_2,2006-2010,林宥嘉,2013,专辑
林宥嘉_1_2,2006-2010,林宥嘉,2013,专辑
林宥嘉_1_2,2006-2010,林宥嘉,2013,专辑
林宥嘉_1_2,2006-2010,林宥嘉,2013,专辑
林宥嘉_1_2,2006-2010,林宥嘉,2013,专辑
林宥嘉_1_2,2006-2010,林宥嘉,2013,专辑
林宥嘉_1_2,2006-2010,林宥嘉,2013,专辑
林宥嘉_1_2,2006-2010,林宥嘉,2013,专辑
林宥嘉_1_2,2006-2010,林宥嘉,2013,专辑
林宥嘉_1_2,2006-2010,林宥嘉,2013,专辑
林宥嘉_1_2,2006-2010,林宥嘉,2013,专辑
林宥嘉_1_2,2006-2010,林宥嘉,2013,专辑
林宥嘉_1_2,2006-2010,林宥嘉,2013,专辑
林宥嘉_1_2,2006-2010,林宥嘉,2013,专辑
林宥嘉_1_2,2006-2010,林宥嘉,2013,专辑
林宥嘉_1_2,2006-2010,林宥嘉,2013,专辑
林宥嘉_1_2,2006-2010,林宥嘉,2013,专辑
林宥嘉_1_2,2006-2010,林宥嘉,2013,专辑
林宥嘉_1_2,2006-2010,林宥嘉,2013,专辑
林宥嘉_1_2,2006-2010,林宥嘉,2013,专辑
林宥嘉_1_2,2006-2010,林宥嘉,2013,专辑
林宥嘉_1_2,2006-2010,林宥嘉,2013,专辑
林宥嘉_1_2,2006-2010,林宥嘉,2013,专辑
林宥嘉_1_2,2006-2010,林宥嘉,2013,专辑
林宥嘉_1_2,2006-2010,林宥嘉,2013,专辑
林宥嘉_1_2,2006-2010,林宥嘉,2013,专辑
林宥嘉_1_2,2006-2010,林宥嘉,2013,专辑
林宥嘉_1_2,2006-2010,林宥嘉,2013,专辑
林宥嘉_1_2,2006-2010,林宥嘉,2013,专辑
林宥嘉_1_2,2006-2010,林宥嘉,2013,专辑
林宥嘉_1_2,2006-2010,林宥嘉,2013,专辑
林宥嘉_1_2,2006-2010,林宥嘉,2013,专辑
林宥嘉_1_2,2006-2010,林宥嘉,2013,专辑
林宥嘉_1_2,2006-2010,林宥嘉,2013,专辑
林宥嘉_1_2,2006-2010,林宥嘉,2013,专辑
林宥嘉_1_2,2006-2010,林宥嘉,2013,专辑
林宥嘉_1_2,2006-2010,林宥嘉,2013,专辑
林宥嘉_1_2,2006-2010,林宥嘉,2013,专辑
林宥嘉_1_2,2006-2010,林宥嘉,2013,专辑
林宥嘉_1_2,2006-2010,林宥嘉,2013,专辑
林宥嘉_1_2,2006-2010,林宥嘉,2013,专辑
林宥嘉_1_2,2006-2010,林宥嘉,2013,专辑
林宥嘉_1_2,2006-2010,林宥嘉,2013,专辑
林宥嘉_1_2,2006-2010,林宥嘉,2013,专辑
林宥嘉_1_2,2006-2010,林宥嘉,2014,专辑
林宥嘉_1_2,2006-2010,林宥嘉,2014,专辑
林宥嘉_1_2,2006-2010,林宥嘉,2015,商业
林宥嘉_1_2,2006-2010,林宥嘉,2016,商业
林宥嘉_1_2,2006-2010,林宥嘉,2016,专辑
林宥嘉_1_2,2006-2010,林宥嘉,2016,商业
林宥嘉_1_2,2006-2010,林宥嘉,2016,商业
林宥嘉_1_2,2006-2010,林宥嘉,2016,专辑
林宥嘉_1_2,2006-2010,林宥嘉,2016,专辑
林宥嘉_1_2,2006-2010,林宥嘉,2016,专辑
林宥嘉_1_2,2006-2010,林宥嘉,2016,专辑
林宥嘉_1_2,2006-2010,林宥嘉,2016,专辑
林宥嘉_1_2,2006-2010,林宥嘉,2016,专辑
林宥嘉_1_2,2006-2010,林宥嘉,2016,专辑
林宥嘉_1_2,2006-2010,林宥嘉,2016,专辑
林宥嘉_1_2,2006-2010,林宥嘉,2016,专辑
林宥嘉_1_2,2006-2010,林宥嘉,2016,专辑
林宥嘉_1_2,2006-2010,林宥嘉,2016,专辑
林宥嘉_1_2,2006-2010,林宥嘉,2016,专辑
林宥嘉_1_2,2006-2010,林宥嘉,2017,专辑
林宥嘉_1_2,2006-2010,林宥嘉,2017,专辑
林宥嘉_1_2,2006-2010,林宥嘉,2017,商业
林宥嘉_1_2,2006-2010,林宥嘉,2017,商业
林宥嘉_1_2,2006-2010,林宥嘉,2017,商业
林宥嘉_1_2,2006-2010,林宥嘉,2017,专辑
林宥嘉_1_2,2006-2010,林宥嘉,2017,专辑
林宥嘉_1_2,2006-2010,林宥嘉,2017,专辑
林宥嘉_1_2,2006-2010,林宥嘉,2017,专辑
林宥嘉_1_2,2006-2010,林宥嘉,2017,专辑
林宥嘉_1_2,2006-2010,林宥嘉,2017,专辑
林宥嘉_1_2,2006-2010,林宥嘉,2017,专辑
林宥嘉_1_2,2006-2010,林宥嘉,2017,专辑
林宥嘉_1_2,2006-2010,林宥嘉,2017,专辑
林宥嘉_1_2,2006-2010,林宥嘉,2017,专辑
林宥嘉_1_2,2006-2010,林宥嘉,2017,专辑
林宥嘉_1_2,2006-2010,林宥嘉,2017,专辑
林宥嘉_1_2,2006-2010,林宥嘉,2017,专辑
林宥嘉_1_2,2006-2010,林宥嘉,2017,专辑
林宥嘉_1_2,2006-2010,林宥嘉,2017,专辑
林宥嘉_1_2,2006-2010,林宥嘉,2017,专辑
林宥嘉_1_2,2006-2010,林宥嘉,2017,专辑
林宥嘉_1_2,2006-2010,林宥嘉,2017,专辑
林宥嘉_1_2,2006-2010,林宥嘉,2017,专辑
林宥嘉_1_2,2006-2010,林宥嘉,2017,专辑
林宥嘉_1_2,2006-2010,林宥嘉,2017,专辑
林宥嘉_1_2,2006-2010,林宥嘉,2017,专辑
林宥嘉_1_2,2006-2010,林宥嘉,2018,专辑
林宥嘉_1_2,2006-2010,林宥嘉,2018,专辑
林宥嘉_1_2,2006-2010,林宥嘉,2018,专辑
林宥嘉_1_2,2006-2010,林宥嘉,2018,商业
林宥嘉_1_2,2006-2010,林宥嘉,2018,商业
林宥嘉_1_2,2006-2010,林宥嘉,2018,专辑
林宥嘉_1_2,2006-2010,林宥嘉,2018,专辑
林宥嘉_1_2,2006-2010,林宥嘉,2018,专辑
林宥嘉_1_2,2006-2010,林宥嘉,2018,专辑
林宥嘉_1_2,2006-2010,林宥嘉,2018,专辑
林宥嘉_1_2,2006-2010,林宥嘉,2018,专辑
林宥嘉_1_2,2006-2010,林宥嘉,2018,专辑
林宥嘉_1_2,2006-2010,林宥嘉,2018,专辑
林宥嘉_1_2,2006-2010,林宥嘉,2018,专辑
林宥嘉_1_2,2006-2010,林宥嘉,2018,专辑
林宥嘉_1_2,2006-2010,林宥嘉,2018,专辑
林宥嘉_1_2,2006-2010,林宥嘉,2018,专辑
林宥嘉_1_2,2006-2010,林宥嘉,2018,专辑
林宥嘉_1_2,2006-2010,林宥嘉,2018,专辑
林宥嘉_1_2,2006-2010,林宥嘉,2018,专辑
林宥嘉_1_2,2006-2010,林宥嘉,2019,商业
林宥嘉_1_2,2006-2010,林宥嘉,2019,专辑
薛之谦_1_3,2006-2010,薛之谦,2006,专辑
薛之谦_1_3,2006-2010,薛之谦,2006,专辑
薛之谦_1_3,2006-2010,薛之谦,2006,专辑
薛之谦_1_3,2006-2010,薛之谦,2006,专辑
薛之谦_1_3,2006-2010,薛之谦,2006,专辑
薛之谦_1_3,2006-2010,薛之谦,2006,专辑
薛之谦_1_3,2006-2010,薛之谦,2006,专辑
薛之谦_1_3,2006-2010,薛之谦,2006,专辑
薛之谦_1_3,2006-2010,薛之谦,2006,专辑
薛之谦_1_3,2006-2010,薛之谦,2006,专辑
薛之谦_1_3,2006-2010,薛之谦,2007,专辑
薛之谦_1_3,2006-2010,薛之谦,2007,专辑
薛之谦_1_3,2006-2010,薛之谦,2007,专辑
薛之谦_1_3,2006-2010,薛之谦,2007,专辑
薛之谦_1_3,2006-2010,薛之谦,2007,专辑
薛之谦_1_3,2006-2010,薛之谦,2007,专辑
薛之谦_1_3,2006-2010,薛之谦,2007,专辑
薛之谦_1_3,2006-2010,薛之谦,2007,专辑
薛之谦_1_3,2006-2010,薛之谦,2007,专辑
薛之谦_1_3,2006-2010,薛之谦,2007,专辑
薛之谦_1_3,2006-2010,薛之谦,2008,专辑
薛之谦_1_3,2006-2010,薛之谦,2008,专辑
薛之谦_1_3,2006-2010,薛之谦,2008,专辑
薛之谦_1_3,2006-2010,薛之谦,2008,专辑
薛之谦_1_3,2006-2010,薛之谦,2008,专辑
薛之谦_1_3,2006-2010,薛之谦,2008,专辑
薛之谦_1_3,2006-2010,薛之谦,2008,专辑
薛之谦_1_3,2006-2010,薛之谦,2008,专辑
薛之谦_1_3,2006-2010,薛之谦,2008,专辑
薛之谦_1_3,2006-2010,薛之谦,2008,专辑
薛之谦_1_3,2006-2010,薛之谦,2009,专辑
薛之谦_1_3,2006-2010,薛之谦,2009,专辑
薛之谦_1_3,2006-2010,薛之谦,2009,专辑
薛之谦_1_3,2006-2010,薛之谦,2009,专辑
薛之谦_1_3,2006-2010,薛之谦,2009,专辑
薛之谦_1_3,2006-2010,薛之谦,2009,专辑
薛之谦_1_3,2006-2010,薛之谦,2009,专辑
薛之谦_1_3,2006-2010,薛之谦,2009,专辑
薛之谦_1_3,2006-2010,薛之谦,2009,专辑
薛之谦_1_3,2006-2010,薛之谦,2009,专辑
薛之谦_1_3,2006-2010,薛之谦,2009,专辑
薛之谦_1_3,2006-2010,薛之谦,2009,专辑
薛之谦_1_3,2006-2010,薛之谦,2009,专辑
薛之谦_1_3,2006-2010,薛之谦,2009,专辑
薛之谦_1_3,2006-2010,薛之谦,2012,专辑
薛之谦_1_3,2006-2010,薛之谦,2012,专辑
薛之谦_1_3,2006-2010,薛之谦,2012,专辑
薛之谦_1_3,2006-2010,薛之谦,2012,专辑
薛之谦_1_3,2006-2010,薛之谦,2012,专辑
薛之谦_1_3,2006-2010,薛之谦,2012,专辑
薛之谦_1_3,2006-2010,薛之谦,2012,专辑
薛之谦_1_3,2006-2010,薛之谦,2012,专辑
薛之谦_1_3,2006-2010,薛之谦,2012,专辑
薛之谦_1_3,2006-2010,薛之谦,2013,专辑
薛之谦_1_3,2006-2010,薛之谦,2013,专辑
薛之谦_1_3,2006-2010,薛之谦,2013,专辑
薛之谦_1_3,2006-2010,薛之谦,2013,专辑
薛之谦_1_3,2006-2010,薛之谦,2013,专辑
薛之谦_1_3,2006-2010,薛之谦,2013,专辑
薛之谦_1_3,2006-2010,薛之谦,2013,专辑
薛之谦_1_3,2006-2010,薛之谦,2013,专辑
薛之谦_1_3,2006-2010,薛之谦,2013,专辑
薛之谦_1_3,2006-2010,薛之谦,2013,专辑
薛之谦_1_3,2006-2010,薛之谦,2015,专辑
薛之谦_1_3,2006-2010,薛之谦,2015,专辑
薛之谦_1_3,2006-2010,薛之谦,2015,专辑
薛之谦_1_3,2006-2010,薛之谦,2015,专辑
薛之谦_1_3,2006-2010,薛之谦,2015,专辑
薛之谦_1_3,2006-2010,薛之谦,2015,专辑
薛之谦_1_3,2006-2010,薛之谦,2016,专辑
薛之谦_1_3,2006-2010,薛之谦,2016,专辑
薛之谦_1_3,2006-2010,薛之谦,2016,专辑
薛之谦_1_3,2006-2010,薛之谦,2016,商业
薛之谦_1_3,2006-2010,薛之谦,2016,专辑
薛之谦_1_3,2006-2010,薛之谦,2016,专辑
薛之谦_1_3,2006-2010,薛之谦,2016,专辑
薛之谦_1_3,2006-2010,薛之谦,2016,专辑
薛之谦_1_3,2006-2010,薛之谦,2016,专辑
薛之谦_1_3,2006-2010,薛之谦,2016,专辑
薛之谦_1_3,2006-2010,薛之谦,2016,专辑
薛之谦_1_3,2006-2010,薛之谦,2016,专辑
薛之谦_1_3,2006-2010,薛之谦,2016,专辑
薛之谦_1_3,2006-2010,薛之谦,2016,专辑
薛之谦_1_3,2006-2010,薛之谦,2016,专辑
薛之谦_1_3,2006-2010,薛之谦,2016,专辑
薛之谦_1_3,2006-2010,薛之谦,2016,专辑
薛之谦_1_3,2006-2010,薛之谦,2016,专辑
薛之谦_1_3,2006-2010,薛之谦,2016,专辑
薛之谦_1_3,2006-2010,薛之谦,2016,专辑
薛之谦_1_3,2006-2010,薛之谦,2016,专辑
薛之谦_1_3,2006-2010,薛之谦,2016,专辑
薛之谦_1_3,2006-2010,薛之谦,2016,专辑
薛之谦_1_3,2006-2010,薛之谦,2017,专辑
薛之谦_1_3,2006-2010,薛之谦,2017,专辑
薛之谦_1_3,2006-2010,薛之谦,2017,专辑
薛之谦_1_3,2006-2010,薛之谦,2017,专辑
薛之谦_1_3,2006-2010,薛之谦,2017,专辑
薛之谦_1_3,2006-2010,薛之谦,2017,专辑
薛之谦_1_3,2006-2010,薛之谦,2017,专辑
薛之谦_1_3,2006-2010,薛之谦,2017,专辑
薛之谦_1_3,2006-2010,薛之谦,2017,专辑
薛之谦_1_3,2006-2010,薛之谦,2017,专辑
薛之谦_1_3,2006-2010,薛之谦,2018,专辑
薛之谦_1_3,2006-2010,薛之谦,2018,专辑
薛之谦_1_3,2006-2010,薛之谦,2018,专辑
薛之谦_1_3,2006-2010,薛之谦,2018,专辑
薛之谦_1_3,2006-2010,薛之谦,2018,专辑
薛之谦_1_3,2006-2010,薛之谦,2018,专辑
薛之谦_1_3,2006-2010,薛之谦,2018,专辑
薛之谦_1_3,2006-2010,薛之谦,2018,专辑
薛之谦_1_3,2006-2010,薛之谦,2018,专辑
薛之谦_1_3,2006-2010,薛之谦,2018,专辑
薛之谦_1_3,2006-2010,薛之谦,2019,专辑
薛之谦_1_3,2006-2010,薛之谦,2019,专辑
薛之谦_1_3,2006-2010,薛之谦,2019,专辑
薛之谦_1_3,2006-2010,薛之谦,2019,专辑
薛之谦_1_3,2006-2010,薛之谦,2019,专辑
薛之谦_1_3,2006-2010,薛之谦,2019,专辑
薛之谦_1_3,2006-2010,薛之谦,2019,专辑
薛之谦_1_3,2006-2010,薛之谦,2019,专辑
薛之谦_1_3,2006-2010,薛之谦,2019,专辑
薛之谦_1_3,2006-2010,薛之谦,2019,专辑
邓紫棋_1_4,2006-2010,邓紫棋,2008,专辑
邓紫棋_1_4,2006-2010,邓紫棋,2008,专辑
邓紫棋_1_4,2006-2010,邓紫棋,2008,专辑
邓紫棋_1_4,2006-2010,邓紫棋,2008,专辑
邓紫棋_1_4,2006-2010,邓紫棋,2008,专辑
邓紫棋_1_4,2006-2010,邓紫棋,2009,专辑
邓紫棋_1_4,2006-2010,邓紫棋,2009,专辑
邓紫棋_1_4,2006-2010,邓紫棋,2009,专辑
邓紫棋_1_4,2006-2010,邓紫棋,2009,专辑
邓紫棋_1_4,2006-2010,邓紫棋,2009,专辑
邓紫棋_1_4,2006-2010,邓紫棋,2009,专辑
邓紫棋_1_4,2006-2010,邓紫棋,2009,专辑
邓紫棋_1_4,2006-2010,邓紫棋,2009,专辑
邓紫棋_1_4,2006-2010,邓紫棋,2009,专辑
邓紫棋_1_4,2006-2010,邓紫棋,2009,专辑
邓紫棋_1_4,2006-2010,邓紫棋,2009,专辑
邓紫棋_1_4,2006-2010,邓紫棋,2009,专辑
邓紫棋_1_4,2006-2010,邓紫棋,2009,专辑
邓紫棋_1_4,2006-2010,邓紫棋,2009,专辑
邓紫棋_1_4,2006-2010,邓紫棋,2009,专辑
邓紫棋_1_4,2006-2010,邓紫棋,2009,专辑
邓紫棋_1_4,2006-2010,邓紫棋,2009,专辑
邓紫棋_1_4,2006-2010,邓紫棋,2009,专辑
邓紫棋_1_4,2006-2010,邓紫棋,2009,专辑
邓紫棋_1_4,2006-2010,邓紫棋,2009,专辑
邓紫棋_1_4,2006-2010,邓紫棋,2009,专辑
邓紫棋_1_4,2006-2010,邓紫棋,2009,专辑
邓紫棋_1_4,2006-2010,邓紫棋,2009,专辑
邓紫棋_1_4,2006-2010,邓紫棋,2009,专辑
邓紫棋_1_4,2006-2010,邓紫棋,2009,专辑
邓紫棋_1_4,2006-2010,邓紫棋,2009,专辑
邓紫棋_1_4,2006-2010,邓紫棋,2009,专辑
邓紫棋_1_4,2006-2010,邓紫棋,2009,专辑
邓紫棋_1_4,2006-2010,邓紫棋,2010,专辑
邓紫棋_1_4,2006-2010,邓紫棋,2010,翻唱
邓紫棋_1_4,2006-2010,邓紫棋,2010,专辑
邓紫棋_1_4,2006-2010,邓紫棋,2010,专辑
邓紫棋_1_4,2006-2010,邓紫棋,2010,专辑
邓紫棋_1_4,2006-2010,邓紫棋,2010,专辑
邓紫棋_1_4,2006-2010,邓紫棋,2010,专辑
邓紫棋_1_4,2006-2010,邓紫棋,2010,专辑
邓紫棋_1_4,2006-2010,邓紫棋,2010,专辑
邓紫棋_1_4,2006-2010,邓紫棋,2010,专辑
邓紫棋_1_4,2006-2010,邓紫棋,2010,专辑
邓紫棋_1_4,2006-2010,邓紫棋,2011,专辑
邓紫棋_1_4,2006-2010,邓紫棋,2011,专辑
邓紫棋_1_4,2006-2010,邓紫棋,2011,专辑
邓紫棋_1_4,2006-2010,邓紫棋,2011,专辑
邓紫棋_1_4,2006-2010,邓紫棋,2011,专辑
邓紫棋_1_4,2006-2010,邓紫棋,2011,专辑
邓紫棋_1_4,2006-2010,邓紫棋,2011,专辑
邓紫棋_1_4,2006-2010,邓紫棋,2011,专辑
邓紫棋_1_4,2006-2010,邓紫棋,2011,专辑
邓紫棋_1_4,2006-2010,邓紫棋,2011,专辑
邓紫棋_1_4,2006-2010,邓紫棋,2011,专辑
邓紫棋_1_4,2006-2010,邓紫棋,2011,专辑
邓紫棋_1_4,2006-2010,邓紫棋,2011,专辑
邓紫棋_1_4,2006-2010,邓紫棋,2011,专辑
邓紫棋_1_4,2006-2010,邓紫棋,2011,专辑
邓紫棋_1_4,2006-2010,邓紫棋,2011,专辑
邓紫棋_1_4,2006-2010,邓紫棋,2011,专辑
邓紫棋_1_4,2006-2010,邓紫棋,2011,专辑
邓紫棋_1_4,2006-2010,邓紫棋,2011,专辑
邓紫棋_1_4,2006-2010,邓紫棋,2011,专辑
邓紫棋_1_4,2006-2010,邓紫棋,2011,专辑
邓紫棋_1_4,2006-2010,邓紫棋,2011,专辑
邓紫棋_1_4,2006-2010,邓紫棋,2011,专辑
邓紫棋_1_4,2006-2010,邓紫棋,2011,专辑
邓紫棋_1_4,2006-2010,邓紫棋,2011,专辑
邓紫棋_1_4,2006-2010,邓紫棋,2011,专辑
邓紫棋_1_4,2006-2010,邓紫棋,2011,专辑
邓紫棋_1_4,2006-2010,邓紫棋,2011,专辑
邓紫棋_1_4,2006-2010,邓紫棋,2011,专辑
邓紫棋_1_4,2006-2010,邓紫棋,2011,专辑
邓紫棋_1_4,2006-2010,邓紫棋,2011,专辑
邓紫棋_1_4,2006-2010,邓紫棋,2011,专辑
邓紫棋_1_4,2006-2010,邓紫棋,2011,专辑
邓紫棋_1_4,2006-2010,邓紫棋,2011,专辑
邓紫棋_1_4,2006-2010,邓紫棋,2011,专辑
邓紫棋_1_4,2006-2010,邓紫棋,2011,专辑
邓紫棋_1_4,2006-2010,邓紫棋,2011,专辑
邓紫棋_1_4,2006-2010,邓紫棋,2011,专辑
邓紫棋_1_4,2006-2010,邓紫棋,2011,专辑
邓紫棋_1_4,2006-2010,邓紫棋,2011,专辑
邓紫棋_1_4,2006-2010,邓紫棋,2011,专辑
邓紫棋_1_4,2006-2010,邓紫棋,2011,专辑
邓紫棋_1_4,2006-2010,邓紫棋,2011,专辑
邓紫棋_1_4,2006-2010,邓紫棋,2011,专辑
邓紫棋_1_4,2006-2010,邓紫棋,2011,专辑
邓紫棋_1_4,2006-2010,邓紫棋,2011,专辑
邓紫棋_1_4,2006-2010,邓紫棋,2011,专辑
邓紫棋_1_4,2006-2010,邓紫棋,2011,专辑
邓紫棋_1_4,2006-2010,邓紫棋,2011,专辑
邓紫棋_1_4,2006-2010,邓紫棋,2011,专辑
邓紫棋_1_4,2006-2010,邓紫棋,2011,专辑
邓紫棋_1_4,2006-2010,邓紫棋,2011,专辑
邓紫棋_1_4,2006-2010,邓紫棋,2011,专辑
邓紫棋_1_4,2006-2010,邓紫棋,2011,专辑
邓紫棋_1_4,2006-2010,邓紫棋,2011,专辑
邓紫棋_1_4,2006-2010,邓紫棋,2012,专辑
邓紫棋_1_4,2006-2010,邓紫棋,2012,专辑
邓紫棋_1_4,2006-2010,邓紫棋,2012,商业
邓紫棋_1_4,2006-2010,邓紫棋,2012,专辑
邓紫棋_1_4,2006-2010,邓紫棋,2012,专辑
邓紫棋_1_4,2006-2010,邓紫棋,2012,专辑
邓紫棋_1_4,2006-2010,邓紫棋,2012,专辑
邓紫棋_1_4,2006-2010,邓紫棋,2012,专辑
邓紫棋_1_4,2006-2010,邓紫棋,2012,专辑
邓紫棋_1_4,2006-2010,邓紫棋,2012,专辑
邓紫棋_1_4,2006-2010,邓紫棋,2012,专辑
邓紫棋_1_4,2006-2010,邓紫棋,2012,专辑
邓紫棋_1_4,2006-2010,邓紫棋,2013,专辑
邓紫棋_1_4,2006-2010,邓紫棋,2013,翻唱
邓紫棋_1_4,2006-2010,邓紫棋,2013,专辑
邓紫棋_1_4,2006-2010,邓紫棋,2013,翻唱
邓紫棋_1_4,2006-2010,邓紫棋,2013,专辑
邓紫棋_1_4,2006-2010,邓紫棋,2013,翻唱
邓紫棋_1_4,2006-2010,邓紫棋,2013,专辑
邓紫棋_1_4,2006-2010,邓紫棋,2013,专辑
邓紫棋_1_4,2006-2010,邓紫棋,2013,专辑
邓紫棋_1_4,2006-2010,邓紫棋,2013,专辑
邓紫棋_1_4,2006-2010,邓紫棋,2013,专辑
邓紫棋_1_4,2006-2010,邓紫棋,2013,专辑
邓紫棋_1_4,2006-2010,邓紫棋,2013,专辑
邓紫棋_1_4,2006-2010,邓紫棋,2013,专辑
邓紫棋_1_4,2006-2010,邓紫棋,2013,专辑
邓紫棋_1_4,2006-2010,邓紫棋,2013,专辑
邓紫棋_1_4,2006-2010,邓紫棋,2013,专辑
邓紫棋_1_4,2006-2010,邓紫棋,2013,专辑
邓紫棋_1_4,2006-2010,邓紫棋,2013,专辑
邓紫棋_1_4,2006-2010,邓紫棋,2013,专辑
邓紫棋_1_4,2006-2010,邓紫棋,2013,专辑
邓紫棋_1_4,2006-2010,邓紫棋,2013,专辑
邓紫棋_1_4,2006-2010,邓紫棋,2013,专辑
邓紫棋_1_4,2006-2010,邓紫棋,2013,专辑
邓紫棋_1_4,2006-2010,邓紫棋,2013,专辑
邓紫棋_1_4,2006-2010,邓紫棋,2013,专辑
邓紫棋_1_4,2006-2010,邓紫棋,2013,专辑
邓紫棋_1_4,2006-2010,邓紫棋,2013,专辑
邓紫棋_1_4,2006-2010,邓紫棋,2013,专辑
邓紫棋_1_4,2006-2010,邓紫棋,2013,专辑
邓紫棋_1_4,2006-2010,邓紫棋,2013,专辑
邓紫棋_1_4,2006-2010,邓紫棋,2013,专辑
邓紫棋_1_4,2006-2010,邓紫棋,2013,专辑
邓紫棋_1_4,2006-2010,邓紫棋,2013,专辑
邓紫棋_1_4,2006-2010,邓紫棋,2013,专辑
邓紫棋_1_4,2006-2010,邓紫棋,2013,专辑
邓紫棋_1_4,2006-2010,邓紫棋,2013,专辑
邓紫棋_1_4,2006-2010,邓紫棋,2013,专辑
邓紫棋_1_4,2006-2010,邓紫棋,2013,专辑
邓紫棋_1_4,2006-2010,邓紫棋,2013,专辑
邓紫棋_1_4,2006-2010,邓紫棋,2013,专辑
邓紫棋_1_4,2006-2010,邓紫棋,2013,专辑
邓紫棋_1_4,2006-2010,邓紫棋,2013,专辑
邓紫棋_1_4,2006-2010,邓紫棋,2013,专辑
邓紫棋_1_4,2006-2010,邓紫棋,2013,专辑
邓紫棋_1_4,2006-2010,邓紫棋,2013,专辑
邓紫棋_1_4,2006-2010,邓紫棋,2013,专辑
邓紫棋_1_4,2006-2010,邓紫棋,2013,专辑
邓紫棋_1_4,2006-2010,邓紫棋,2013,专辑
邓紫棋_1_4,2006-2010,邓紫棋,2013,专辑
邓紫棋_1_4,2006-2010,邓紫棋,2013,专辑
邓紫棋_1_4,2006-2010,邓紫棋,2014,翻唱
邓紫棋_1_4,2006-2010,邓紫棋,2014,翻唱
邓紫棋_1_4,2006-2010,邓紫棋,2014,专辑
邓紫棋_1_4,2006-2010,邓紫棋,2014,专辑
邓紫棋_1_4,2006-2010,邓紫棋,2014,专辑
邓紫棋_1_4,2006-2010,邓紫棋,2015,专辑
邓紫棋_1_4,2006-2010,邓紫棋,2015,专辑
邓紫棋_1_4,2006-2010,邓紫棋,2015,专辑
邓紫棋_1_4,2006-2010,邓紫棋,2015,专辑
邓紫棋_1_4,2006-2010,邓紫棋,2015,专辑
邓紫棋_1_4,2006-2010,邓紫棋,2015,专辑
邓紫棋_1_4,2006-2010,邓紫棋,2015,专辑
邓紫棋_1_4,2006-2010,邓紫棋,2015,专辑
邓紫棋_1_4,2006-2010,邓紫棋,2015,专辑
邓紫棋_1_4,2006-2010,邓紫棋,2015,专辑
邓紫棋_1_4,2006-2010,邓紫棋,2016,翻唱
邓紫棋_1_4,2006-2010,邓紫棋,2016,翻唱
邓紫棋_1_4,2006-2010,邓紫棋,2016,翻唱
邓紫棋_1_4,2006-2010,邓紫棋,2016,专辑
邓紫棋_1_4,2006-2010,邓紫棋,2016,专辑
邓紫棋_1_4,2006-2010,邓紫棋,2016,专辑
邓紫棋_1_4,2006-2010,邓紫棋,2016,翻唱
邓紫棋_1_4,2006-2010,邓紫棋,2016,翻唱
邓紫棋_1_4,2006-2010,邓紫棋,2016,翻唱
邓紫棋_1_4,2006-2010,邓紫棋,2016,翻唱
邓紫棋_1_4,2006-2010,邓紫棋,2016,翻唱
邓紫棋_1_4,2006-2010,邓紫棋,2016,商业
邓紫棋_1_4,2006-2010,邓紫棋,2016,翻唱
邓紫棋_1_4,2006-2010,邓紫棋,2016,翻唱
邓紫棋_1_4,2006-2010,邓紫棋,2016,翻唱
邓紫棋_1_4,2006-2010,邓紫棋,2017,商业
邓紫棋_1_4,2006-2010,邓紫棋,2017,翻唱
邓紫棋_1_4,2006-2010,邓紫棋,2017,商业
邓紫棋_1_4,2006-2010,邓紫棋,2017,商业
邓紫棋_1_4,2006-2010,邓紫棋,2018,专辑
邓紫棋_1_4,2006-2010,邓紫棋,2018,商业
邓紫棋_1_4,2006-2010,邓紫棋,2018,专辑
邓紫棋_1_4,2006-2010,邓紫棋,2018,专辑
邓紫棋_1_4,2006-2010,邓紫棋,2018,翻唱
邓紫棋_1_4,2006-2010,邓紫棋,2018,翻唱
邓紫棋_1_4,2006-2010,邓紫棋,2018,专辑
邓紫棋_1_4,2006-2010,邓紫棋,2018,专辑
邓紫棋_1_4,2006-2010,邓紫棋,2018,专辑
邓紫棋_1_4,2006-2010,邓紫棋,2018,专辑
邓紫棋_1_4,2006-2010,邓紫棋,2018,专辑
邓紫棋_1_4,2006-2010,邓紫棋,2018,专辑
邓紫棋_1_4,2006-2010,邓紫棋,2018,专辑
邓紫棋_1_4,2006-2010,邓紫棋,2019,商业
邓紫棋_1_4,2006-2010,邓紫棋,2019,商业
邓紫棋_1_4,2006-2010,邓紫棋,2019,专辑
邓紫棋_1_4,2006-2010,邓紫棋,2019,专辑
邓紫棋_1_4,2006-2010,邓紫棋,2019,专辑
邓紫棋_1_4,2006-2010,邓紫棋,2019,专辑
邓紫棋_1_4,2006-2010,邓紫棋,2019,专辑
邓紫棋_1_4,2006-2010,邓紫棋,2019,专辑
邓紫棋_1_4,2006-2010,邓紫棋,2019,专辑
邓紫棋_1_4,2006-2010,邓紫棋,2019,专辑
邓紫棋_1_4,2006-2010,邓紫棋,2019,专辑
邓紫棋_1_4,2006-2010,邓紫棋,2019,专辑
邓紫棋_1_4,2006-2010,邓紫棋,2019,专辑
邓紫棋_1_4,2006-2010,邓紫棋,2019,专辑
邓紫棋_1_4,2006-2010,邓紫棋,2019,专辑
TFBOYS_2_0,2010-2015,TFBOYS,2013,专辑
TFBOYS_2_0,2010-2015,TFBOYS,2013,专辑
TFBOYS_2_0,2010-2015,TFBOYS,2013,专辑
TFBOYS_2_0,2010-2015,TFBOYS,2014,专辑
TFBOYS_2_0,2010-2015,TFBOYS,2014,商业
TFBOYS_2_0,2010-2015,TFBOYS,2014,商业
TFBOYS_2_0,2010-2015,TFBOYS,2014,专辑
TFBOYS_2_0,2010-2015,TFBOYS,2014,专辑
TFBOYS_2_0,2010-2015,TFBOYS,2014,专辑
TFBOYS_2_0,2010-2015,TFBOYS,2014,专辑
TFBOYS_2_0,2010-2015,TFBOYS,2015,商业
TFBOYS_2_0,2010-2015,TFBOYS,2015,商业
TFBOYS_2_0,2010-2015,TFBOYS,2015,专辑
TFBOYS_2_0,2010-2015,TFBOYS,2015,商业
TFBOYS_2_0,2010-2015,TFBOYS,2015,专辑
TFBOYS_2_0,2010-2015,TFBOYS,2015,专辑
TFBOYS_2_0,2010-2015,TFBOYS,2015,专辑
TFBOYS_2_0,2010-2015,TFBOYS,2015,专辑
TFBOYS_2_0,2010-2015,TFBOYS,2015,专辑
TFBOYS_2_0,2010-2015,TFBOYS,2015,专辑
TFBOYS_2_0,2010-2015,TFBOYS,2015,专辑
TFBOYS_2_0,2010-2015,TFBOYS,2015,专辑
TFBOYS_2_0,2010-2015,TFBOYS,2015,专辑
TFBOYS_2_0,2010-2015,TFBOYS,2015,专辑
TFBOYS_2_0,2010-2015,TFBOYS,2015,专辑
TFBOYS_2_0,2010-2015,TFBOYS,2015,专辑
TFBOYS_2_0,2010-2015,TFBOYS,2015,专辑
TFBOYS_2_0,2010-2015,TFBOYS,2015,专辑
TFBOYS_2_0,2010-2015,TFBOYS,2015,专辑
TFBOYS_2_0,2010-2015,TFBOYS,2015,专辑
TFBOYS_2_0,2010-2015,TFBOYS,2015,专辑
TFBOYS_2_0,2010-2015,TFBOYS,2015,专辑
TFBOYS_2_0,2010-2015,TFBOYS,2016,商业
TFBOYS_2_0,2010-2015,TFBOYS,2016,商业
TFBOYS_2_0,2010-2015,TFBOYS,2016,商业
TFBOYS_2_0,2010-2015,TFBOYS,2017,商业
TFBOYS_2_0,2010-2015,TFBOYS,2017,商业
TFBOYS_2_0,2010-2015,TFBOYS,2017,专辑
TFBOYS_2_0,2010-2015,TFBOYS,2017,专辑
TFBOYS_2_0,2010-2015,TFBOYS,2017,专辑
TFBOYS_2_0,2010-2015,TFBOYS,2017,专辑
TFBOYS_2_0,2010-2015,TFBOYS,2017,专辑
TFBOYS_2_0,2010-2015,TFBOYS,2017,专辑
TFBOYS_2_0,2010-2015,TFBOYS,2017,专辑
TFBOYS_2_0,2010-2015,TFBOYS,2017,专辑
TFBOYS_2_0,2010-2015,TFBOYS,2017,专辑
TFBOYS_2_0,2010-2015,TFBOYS,2017,专辑
TFBOYS_2_0,2010-2015,TFBOYS,2017,专辑
TFBOYS_2_0,2010-2015,TFBOYS,2017,专辑
TFBOYS_2_0,2010-2015,TFBOYS,2017,专辑
TFBOYS_2_0,2010-2015,TFBOYS,2017,专辑
TFBOYS_2_0,2010-2015,TFBOYS,2017,专辑
TFBOYS_2_0,2010-2015,TFBOYS,2017,专辑
TFBOYS_2_0,2010-2015,TFBOYS,2017,专辑
TFBOYS_2_0,2010-2015,TFBOYS,2017,专辑
TFBOYS_2_0,2010-2015,TFBOYS,2017,专辑
TFBOYS_2_0,2010-2015,TFBOYS,2017,专辑
TFBOYS_2_0,2010-2015,TFBOYS,2017,专辑
TFBOYS_2_0,2010-2015,TFBOYS,2017,专辑
TFBOYS_2_0,2010-2015,TFBOYS,2017,专辑
TFBOYS_2_0,2010-2015,TFBOYS,2018,专辑
TFBOYS_2_0,2010-2015,TFBOYS,2018,专辑
TFBOYS_2_0,2010-2015,TFBOYS,2018,专辑
TFBOYS_2_0,2010-2015,TFBOYS,2018,专辑
TFBOYS_2_0,2010-2015,TFBOYS,2018,专辑
TFBOYS_2_0,2010-2015,TFBOYS,2018,专辑
TFBOYS_2_0,2010-2015,TFBOYS,2018,专辑
TFBOYS_2_0,2010-2015,TFBOYS,2018,专辑
TFBOYS_2_0,2010-2015,TFBOYS,2018,专辑
TFBOYS_2_0,2010-2015,TFBOYS,2018,专辑
TFBOYS_2_0,2010-2015,TFBOYS,2018,专辑
TFBOYS_2_0,2010-2015,TFBOYS,2018,专辑
TFBOYS_2_0,2010-2015,TFBOYS,2018,专辑
TFBOYS_2_0,2010-2015,TFBOYS,2018,专辑
TFBOYS_2_0,2010-2015,TFBOYS,2018,专辑
TFBOYS_2_0,2010-2015,TFBOYS,2018,专辑
TFBOYS_2_0,2010-2015,TFBOYS,2018,专辑
TFBOYS_2_0,2010-2015,TFBOYS,2018,专辑
TFBOYS_2_0,2010-2015,TFBOYS,2018,专辑
TFBOYS_2_0,2010-2015,TFBOYS,2018,专辑
TFBOYS_2_0,2010-2015,TFBOYS,2018,专辑
TFBOYS_2_0,2010-2015,TFBOYS,2019,专辑
TFBOYS_2_0,2010-2015,TFBOYS,2019,专辑
TFBOYS_2_0,2010-2015,TFBOYS,2019,专辑
TFBOYS_2_0,2010-2015,TFBOYS,2019,专辑
TFBOYS_2_0,2010-2015,TFBOYS,2019,专辑
TFBOYS_2_0,2010-2015,TFBOYS,2019,专辑
TFBOYS_2_0,2010-2015,TFBOYS,2019,专辑
TFBOYS_2_0,2010-2015,TFBOYS,2019,专辑
TFBOYS_2_0,2010-2015,TFBOYS,2019,专辑
TFBOYS_2_0,2010-2015,TFBOYS,2019,专辑
TFBOYS_2_0,2010-2015,TFBOYS,2019,专辑
TFBOYS_2_0,2010-2015,TFBOYS,2019,专辑
TFBOYS_2_0,2010-2015,TFBOYS,2019,专辑
TFBOYS_2_0,2010-2015,TFBOYS,2019,专辑
TFBOYS_2_0,2010-2015,TFBOYS,2019,专辑
TFBOYS_2_0,2010-2015,TFBOYS,2019,专辑
TFBOYS_2_0,2010-2015,TFBOYS,2019,专辑
TFBOYS_2_0,2010-2015,TFBOYS,2019,专辑
TFBOYS_2_0,2010-2015,TFBOYS,2019,专辑
TFBOYS_2_0,2010-2015,TFBOYS,2019,专辑
TFBOYS_2_0,2010-2015,TFBOYS,2019,专辑
华晨宇_2_1,2010-2015,华晨宇,2013,商业
华晨宇_2_1,2010-2015,华晨宇,2014,专辑
华晨宇_2_1,2010-2015,华晨宇,2014,专辑
华晨宇_2_1,2010-2015,华晨宇,2014,专辑
华晨宇_2_1,2010-2015,华晨宇,2014,专辑
华晨宇_2_1,2010-2015,华晨宇,2014,专辑
华晨宇_2_1,2010-2015,华晨宇,2014,专辑
华晨宇_2_1,2010-2015,华晨宇,2014,专辑
华晨宇_2_1,2010-2015,华晨宇,2014,专辑
华晨宇_2_1,2010-2015,华晨宇,2014,专辑
华晨宇_2_1,2010-2015,华晨宇,2014,专辑
华晨宇_2_1,2010-2015,华晨宇,2015,专辑
华晨宇_2_1,2010-2015,华晨宇,2015,专辑
华晨宇_2_1,2010-2015,华晨宇,2015,专辑
华晨宇_2_1,2010-2015,华晨宇,2015,专辑
华晨宇_2_1,2010-2015,华晨宇,2015,专辑
华晨宇_2_1,2010-2015,华晨宇,2015,专辑
华晨宇_2_1,2010-2015,华晨宇,2015,专辑
华晨宇_2_1,2010-2015,华晨宇,2015,专辑
华晨宇_2_1,2010-2015,华晨宇,2015,专辑
华晨宇_2_1,2010-2015,华晨宇,2015,专辑
华晨宇_2_1,2010-2015,华晨宇,2015,专辑
华晨宇_2_1,2010-2015,华晨宇,2015,专辑
华晨宇_2_1,2010-2015,华晨宇,2015,专辑
华晨宇_2_1,2010-2015,华晨宇,2015,专辑
华晨宇_2_1,2010-2015,华晨宇,2016,专辑
华晨宇_2_1,2010-2015,华晨宇,2016,商业
华晨宇_2_1,2010-2015,华晨宇,2016,专辑
华晨宇_2_1,2010-2015,华晨宇,2016,专辑
华晨宇_2_1,2010-2015,华晨宇,2016,商业
华晨宇_2_1,2010-2015,华晨宇,2016,商业
华晨宇_2_1,2010-2015,华晨宇,2016,专辑
华晨宇_2_1,2010-2015,华晨宇,2016,专辑
华晨宇_2_1,2010-2015,华晨宇,2016,专辑
华晨宇_2_1,2010-2015,华晨宇,2016,商业
华晨宇_2_1,2010-2015,华晨宇,2016,翻唱
华晨宇_2_1,2010-2015,华晨宇,2017,专辑
华晨宇_2_1,2010-2015,华晨宇,2017,商业
华晨宇_2_1,2010-2015,华晨宇,2017,专辑
华晨宇_2_1,2010-2015,华晨宇,2017,商业
华晨宇_2_1,2010-2015,华晨宇,2017,商业
华晨宇_2_1,2010-2015,华晨宇,2017,专辑
华晨宇_2_1,2010-2015,华晨宇,2017,商业
华晨宇_2_1,2010-2015,华晨宇,2018,商业
华晨宇_2_1,2010-2015,华晨宇,2018,商业
华晨宇_2_1,2010-2015,华晨宇,2019,专辑
华晨宇_2_1,2010-2015,华晨宇,2019,专辑
周深_2_2,2010-2015,周深,2014,翻唱
周深_2_2,2010-2015,周深,2014,翻唱
周深_2_2,2010-2015,周深,2014,翻唱
周深_2_2,2010-2015,周深,2014,专辑
周深_2_2,2010-2015,周深,2014,翻唱
周深_2_2,2010-2015,周深,2014,翻唱
周深_2_2,2010-2015,周深,2014,翻唱
周深_2_2,2010-2015,周深,2014,翻唱
周深_2_2,2010-2015,周深,2014,翻唱
周深_2_2,2010-2015,周深,2014,翻唱
周深_2_2,2010-2015,周深,2014,翻唱
周深_2_2,2010-2015,周深,2014,翻唱
周深_2_2,2010-2015,周深,2014,翻唱
周深_2_2,2010-2015,周深,2014,翻唱
周深_2_2,2010-2015,周深,2014,翻唱
周深_2_2,2010-2015,周深,2014,翻唱
周深_2_2,2010-2015,周深,2014,翻唱
周深_2_2,2010-2015,周深,2014,翻唱
周深_2_2,2010-2015,周深,2014,翻唱
周深_2_2,2010-2015,周深,2014,翻唱
周深_2_2,2010-2015,周深,2014,翻唱
周深_2_2,2010-2015,周深,2014,专辑
周深_2_2,2010-2015,周深,2015,翻唱
周深_2_2,2010-2015,周深,2015,翻唱
周深_2_2,2010-2015,周深,2015,专辑
周深_2_2,2010-2015,周深,2016,商业
周深_2_2,2010-2015,周深,2016,商业
周深_2_2,2010-2015,周深,2016,专辑
周深_2_2,2010-2015,周深,2017,商业
周深_2_2,2010-2015,周深,2017,商业
周深_2_2,2010-2015,周深,2017,翻唱
周深_2_2,2010-2015,周深,2017,商业
周深_2_2,2010-2015,周深,2017,商业
周深_2_2,2010-2015,周深,2017,翻唱
周深_2_2,2010-2015,周深,2017,商业
周深_2_2,2010-2015,周深,2017,专辑
周深_2_2,2010-2015,周深,2017,商业
周深_2_2,2010-2015,周深,2017,专辑
周深_2_2,2010-2015,周深,2017,专辑
周深_2_2,2010-2015,周深,2017,专辑
周深_2_2,2010-2015,周深,2017,专辑
周深_2_2,2010-2015,周深,2017,专辑
周深_2_2,2010-2015,周深,2017,专辑
周深_2_2,2010-2015,周深,2017,专辑
周深_2_2,2010-2015,周深,2017,专辑
周深_2_2,2010-2015,周深,2017,专辑
周深_2_2,2010-2015,周深,2018,商业
周深_2_2,2010-2015,周深,2018,商业
周深_2_2,2010-2015,周深,2018,专辑
周深_2_2,2010-2015,周深,2018,商业
周深_2_2,2010-2015,周深,2018,商业
周深_2_2,2010-2015,周深,2018,商业
周深_2_2,2010-2015,周深,2018,商业
周深_2_2,2010-2015,周深,2018,商业
周深_2_2,2010-2015,周深,2018,专辑
周深_2_2,2010-2015,周深,2018,专辑
周深_2_2,2010-2015,周深,2018,专辑
周深_2_2,2010-2015,周深,2018,商业
周深_2_2,2010-2015,周深,2018,商业
周深_2_2,2010-2015,周深,2019,商业
周深_2_2,2010-2015,周深,2019,商业
周深_2_2,2010-2015,周深,2019,商业
周深_2_2,2010-2015,周深,2019,翻唱
周深_2_2,2010-2015,周深,2019,商业
周深_2_2,2010-2015,周深,2019,商业
周深_2_2,2010-2015,周深,2019,专辑
周深_2_2,2010-2015,周深,2019,商业
周深_2_2,2010-2015,周深,2019,商业
周深_2_2,2010-2015,周深,2019,商业
周深_2_2,2010-2015,周深,2019,专辑
周深_2_2,2010-2015,周深,2019,商业
周深_2_2,2010-2015,周深,2019,商业
周深_2_2,2010-2015,周深,2019,专辑
周深_2_2,2010-2015,周深,2019,商业
周深_2_2,2010-2015,周深,2019,商业
周深_2_2,2010-2015,周深,2019,商业
周深_2_2,2010-2015,周深,2019,翻唱
周深_2_2,2010-2015,周深,2019,专辑
周深_2_2,2010-2015,周深,2019,商业
周深_2_2,2010-2015,周深,2019,商业
张碧晨_2_3,2010-2015,张碧晨,2014,翻唱
张碧晨_2_3,2010-2015,张碧晨,2015,商业
张碧晨_2_3,2010-2015,张碧晨,2015,商业
张碧晨_2_3,2010-2015,张碧晨,2015,商业
张碧晨_2_3,2010-2015,张碧晨,2015,商业
张碧晨_2_3,2010-2015,张碧晨,2015,商业
张碧晨_2_3,2010-2015,张碧晨,2015,商业
张碧晨_2_3,2010-2015,张碧晨,2015,商业
张碧晨_2_3,2010-2015,张碧晨,2016,商业
张碧晨_2_3,2010-2015,张碧晨,2016,商业
张碧晨_2_3,2010-2015,张碧晨,2016,商业
张碧晨_2_3,2010-2015,张碧晨,2016,商业
张碧晨_2_3,2010-2015,张碧晨,2016,专辑
张碧晨_2_3,2010-2015,张碧晨,2016,专辑
张碧晨_2_3,2010-2015,张碧晨,2016,专辑
张碧晨_2_3,2010-2015,张碧晨,2016,专辑
张碧晨_2_3,2010-2015,张碧晨,2016,专辑
张碧晨_2_3,2010-2015,张碧晨,2016,专辑
张碧晨_2_3,2010-2015,张碧晨,2016,专辑
张碧晨_2_3,2010-2015,张碧晨,2016,专辑
张碧晨_2_3,2010-2015,张碧晨,2016,专辑
张碧晨_2_3,2010-2015,张碧晨,2016,专辑
张碧晨_2_3,2010-2015,张碧晨,2017,翻唱
张碧晨_2_3,2010-2015,张碧晨,2017,专辑
张碧晨_2_3,2010-2015,张碧晨,2017,商业
张碧晨_2_3,2010-2015,张碧晨,2017,商业
张碧晨_2_3,2010-2015,张碧晨,2017,专辑
张碧晨_2_3,2010-2015,张碧晨,2017,专辑
张碧晨_2_3,2010-2015,张碧晨,2017,专辑
张碧晨_2_3,2010-2015,张碧晨,2017,专辑
张碧晨_2_3,2010-2015,张碧晨,2017,专辑
张碧晨_2_3,2010-2015,张碧晨,2017,专辑
张碧晨_2_3,2010-2015,张碧晨,2017,专辑
张碧晨_2_3,2010-2015,张碧晨,2017,专辑
张碧晨_2_3,2010-2015,张碧晨,2017,专辑
张碧晨_2_3,2010-2015,张碧晨,2017,专辑
张碧晨_2_3,2010-2015,张碧晨,2017,专辑
张碧晨_2_3,2010-2015,张碧晨,2017,专辑
张碧晨_2_3,2010-2015,张碧晨,2017,专辑
张碧晨_2_3,2010-2015,张碧晨,2017,专辑
张碧晨_2_3,2010-2015,张碧晨,2017,专辑
张碧晨_2_3,2010-2015,张碧晨,2017,专辑
张碧晨_2_3,2010-2015,张碧晨,2017,专辑
张碧晨_2_3,2010-2015,张碧晨,2017,专辑
张碧晨_2_3,2010-2015,张碧晨,2017,专辑
张碧晨_2_3,2010-2015,张碧晨,2017,专辑
张碧晨_2_3,2010-2015,张碧晨,2017,专辑
张碧晨_2_3,2010-2015,张碧晨,2018,专辑
张碧晨_2_3,2010-2015,张碧晨,2018,专辑
张碧晨_2_3,2010-2015,张碧晨,2018,专辑
张碧晨_2_3,2010-2015,张碧晨,2018,商业
张碧晨_2_3,2010-2015,张碧晨,2018,专辑
张碧晨_2_3,2010-2015,张碧晨,2018,商业
张碧晨_2_3,2010-2015,张碧晨,2018,商业
张碧晨_2_3,2010-2015,张碧晨,2018,商业
张碧晨_2_3,2010-2015,张碧晨,2018,专辑
张碧晨_2_3,2010-2015,张碧晨,2018,专辑
张碧晨_2_3,2010-2015,张碧晨,2018,专辑
张碧晨_2_3,2010-2015,张碧晨,2018,专辑
张碧晨_2_3,2010-2015,张碧晨,2018,商业
张碧晨_2_3,2010-2015,张碧晨,2018,专辑
张碧晨_2_3,2010-2015,张碧晨,2018,专辑
张碧晨_2_3,2010-2015,张碧晨,2018,专辑
张碧晨_2_3,2010-2015,张碧晨,2018,专辑
张碧晨_2_3,2010-2015,张碧晨,2018,专辑
张碧晨_2_3,2010-2015,张碧晨,2018,专辑
张碧晨_2_3,2010-2015,张碧晨,2018,专辑
张碧晨_2_3,2010-2015,张碧晨,2018,专辑
张碧晨_2_3,2010-2015,张碧晨,2018,专辑
张碧晨_2_3,2010-2015,张碧晨,2018,专辑
张碧晨_2_3,2010-2015,张碧晨,2018,专辑
张碧晨_2_3,2010-2015,张碧晨,2018,专辑
张碧晨_2_3,2010-2015,张碧晨,2018,专辑
张碧晨_2_3,2010-2015,张碧晨,2018,专辑
张碧晨_2_3,2010-2015,张碧晨,2019,专辑
张碧晨_2_3,2010-2015,张碧晨,2019,商业
张碧晨_2_3,2010-2015,张碧晨,2019,专辑
张碧晨_2_3,2010-2015,张碧晨,2019,商业
张碧晨_2_3,2010-2015,张碧晨,2019,商业
张碧晨_2_3,2010-2015,张碧晨,2019,商业
张碧晨_2_3,2010-2015,张碧晨,2019,专辑
张碧晨_2_3,2010-2015,张碧晨,2019,专辑
黄子韬_2_4,2010-2015,黄子韬,2015,专辑
黄子韬_2_4,2010-2015,黄子韬,2015,专辑
黄子韬_2_4,2010-2015,黄子韬,2015,专辑
黄子韬_2_4,2010-2015,黄子韬,2015,商业
黄子韬_2_4,2010-2015,黄子韬,2015,商业
黄子韬_2_4,2010-2015,黄子韬,2015,专辑
黄子韬_2_4,2010-2015,黄子韬,2015,专辑
黄子韬_2_4,2010-2015,黄子韬,2015,专辑
黄子韬_2_4,2010-2015,黄子韬,2015,专辑
黄子韬_2_4,2010-2015,黄子韬,2015,专辑
黄子韬_2_4,2010-2015,黄子韬,2015,专辑
黄子韬_2_4,2010-2015,黄子韬,2015,专辑
黄子韬_2_4,2010-2015,黄子韬,2015,专辑
黄子韬_2_4,2010-2015,黄子韬,2015,专辑
黄子韬_2_4,2010-2015,黄子韬,2015,专辑
黄子韬_2_4,2010-2015,黄子韬,2015,专辑
黄子韬_2_4,2010-2015,黄子韬,2016,专辑
黄子韬_2_4,2010-2015,黄子韬,2016,专辑
黄子韬_2_4,2010-2015,黄子韬,2016,专辑
黄子韬_2_4,2010-2015,黄子韬,2016,专辑
黄子韬_2_4,2010-2015,黄子韬,2016,专辑
黄子韬_2_4,2010-2015,黄子韬,2016,专辑
黄子韬_2_4,2010-2015,黄子韬,2016,专辑
黄子韬_2_4,2010-2015,黄子韬,2016,专辑
黄子韬_2_4,2010-2015,黄子韬,2016,专辑
黄子韬_2_4,2010-2015,黄子韬,2016,专辑
黄子韬_2_4,2010-2015,黄子韬,2016,专辑
黄子韬_2_4,2010-2015,黄子韬,2016,专辑
黄子韬_2_4,2010-2015,黄子韬,2016,专辑
黄子韬_2_4,2010-2015,黄子韬,2016,专辑
黄子韬_2_4,2010-2015,黄子韬,2016,专辑
黄子韬_2_4,2010-2015,黄子韬,2016,专辑
黄子韬_2_4,2010-2015,黄子韬,2016,专辑
黄子韬_2_4,2010-2015,黄子韬,2016,专辑
黄子韬_2_4,2010-2015,黄子韬,2016,专辑
黄子韬_2_4,2010-2015,黄子韬,2016,专辑
黄子韬_2_4,2010-2015,黄子韬,2017,商业
黄子韬_2_4,2010-2015,黄子韬,2017,专辑
黄子韬_2_4,2010-2015,黄子韬,2017,专辑
黄子韬_2_4,2010-2015,黄子韬,2017,专辑
黄子韬_2_4,2010-2015,黄子韬,2017,专辑
黄子韬_2_4,2010-2015,黄子韬,2017,商业
黄子韬_2_4,2010-2015,黄子韬,2017,商业
黄子韬_2_4,2010-2015,黄子韬,2017,翻唱
黄子韬_2_4,2010-2015,黄子韬,2017,专辑
黄子韬_2_4,2010-2015,黄子韬,2017,翻唱
黄子韬_2_4,2010-2015,黄子韬,2017,翻唱
黄子韬_2_4,2010-2015,黄子韬,2018,专辑
黄子韬_2_4,2010-2015,黄子韬,2018,专辑
黄子韬_2_4,2010-2015,黄子韬,2018,翻唱
黄子韬_2_4,2010-2015,黄子韬,2018,专辑
黄子韬_2_4,2010-2015,黄子韬,2018,商业
黄子韬_2_4,2010-2015,黄子韬,2018,专辑
黄子韬_2_4,2010-2015,黄子韬,2018,专辑
黄子韬_2_4,2010-2015,黄子韬,2018,专辑
黄子韬_2_4,2010-2015,黄子韬,2019,专辑
黄子韬_2_4,2010-2015,黄子韬,2019,专辑
黄子韬_2_4,2010-2015,黄子韬,2019,专辑
黄子韬_2_4,2010-2015,黄子韬,2019,专辑
黄子韬_2_4,2010-2015,黄子韬,2019,专辑
黄子韬_2_4,2010-2015,黄子韬,2019,商业
黄子韬_2_4,2010-2015,黄子韬,2019,专辑
黄子韬_2_4,2010-2015,黄子韬,2019,专辑
黄子韬_2_4,2010-2015,黄子韬,2019,专辑
黄子韬_2_4,2010-2015,黄子韬,2019,专辑
冯提莫_3_0,2016以后,冯提莫,2016,翻唱
冯提莫_3_0,2016以后,冯提莫,2016,翻唱
冯提莫_3_0,2016以后,冯提莫,2016,翻唱
冯提莫_3_0,2016以后,冯提莫,2017,商业
冯提莫_3_0,2016以后,冯提莫,2017,专辑
冯提莫_3_0,2016以后,冯提莫,2017,翻唱
冯提莫_3_0,2016以后,冯提莫,2017,翻唱
冯提莫_3_0,2016以后,冯提莫,2017,商业
冯提莫_3_0,2016以后,冯提莫,2018,专辑
冯提莫_3_0,2016以后,冯提莫,2018,专辑
冯提莫_3_0,2016以后,冯提莫,2018,专辑
冯提莫_3_0,2016以后,冯提莫,2018,专辑
冯提莫_3_0,2016以后,冯提莫,2018,商业
冯提莫_3_0,2016以后,冯提莫,2018,商业
冯提莫_3_0,2016以后,冯提莫,2018,专辑
冯提莫_3_0,2016以后,冯提莫,2018,专辑
冯提莫_3_0,2016以后,冯提莫,2018,专辑
冯提莫_3_0,2016以后,冯提莫,2018,商业
冯提莫_3_0,2016以后,冯提莫,2018,专辑
冯提莫_3_0,2016以后,冯提莫,2018,商业
冯提莫_3_0,2016以后,冯提莫,2018,翻唱
冯提莫_3_0,2016以后,冯提莫,2019,专辑
冯提莫_3_0,2016以后,冯提莫,2019,专辑
冯提莫_3_0,2016以后,冯提莫,2019,翻唱
冯提莫_3_0,2016以后,冯提莫,2019,翻唱
冯提莫_3_0,2016以后,冯提莫,2019,商业
冯提莫_3_0,2016以后,冯提莫,2019,专辑
冯提莫_3_0,2016以后,冯提莫,2019,专辑
冯提莫_3_0,2016以后,冯提莫,2019,商业
冯提莫_3_0,2016以后,冯提莫,2019,翻唱
冯提莫_3_0,2016以后,冯提莫,2019,商业
冯提莫_3_0,2016以后,冯提莫,2019,翻唱
冯提莫_3_0,2016以后,冯提莫,2019,翻唱
冯提莫_3_0,2016以后,冯提莫,2019,翻唱
冯提莫_3_0,2016以后,冯提莫,2019,翻唱
冯提莫_3_0,2016以后,冯提莫,2019,翻唱
冯提莫_3_0,2016以后,冯提莫,2019,翻唱
冯提莫_3_0,2016以后,冯提莫,2019,翻唱
冯提莫_3_0,2016以后,冯提莫,2019,翻唱
冯提莫_3_0,2016以后,冯提莫,2019,商业
毛不易_3_1,2016以后,毛不易,2017,专辑
毛不易_3_1,2016以后,毛不易,2017,商业
毛不易_3_1,2016以后,毛不易,2017,商业
毛不易_3_1,2016以后,毛不易,2017,专辑
毛不易_3_1,2016以后,毛不易,2017,商业
毛不易_3_1,2016以后,毛不易,2017,商业
毛不易_3_1,2016以后,毛不易,2017,专辑
毛不易_3_1,2016以后,毛不易,2017,专辑
毛不易_3_1,2016以后,毛不易,2017,专辑
毛不易_3_1,2016以后,毛不易,2017,专辑
毛不易_3_1,2016以后,毛不易,2017,专辑
毛不易_3_1,2016以后,毛不易,2017,专辑
毛不易_3_1,2016以后,毛不易,2017,专辑
毛不易_3_1,2016以后,毛不易,2017,专辑
毛不易_3_1,2016以后,毛不易,2017,专辑
毛不易_3_1,2016以后,毛不易,2017,专辑
毛不易_3_1,2016以后,毛不易,2017,专辑
毛不易_3_1,2016以后,毛不易,2018,商业
毛不易_3_1,2016以后,毛不易,2018,专辑
毛不易_3_1,2016以后,毛不易,2018,专辑
毛不易_3_1,2016以后,毛不易,2018,商业
毛不易_3_1,2016以后,毛不易,2018,商业
毛不易_3_1,2016以后,毛不易,2018,商业
毛不易_3_1,2016以后,毛不易,2018,商业
毛不易_3_1,2016以后,毛不易,2018,商业
毛不易_3_1,2016以后,毛不易,2018,专辑
毛不易_3_1,2016以后,毛不易,2018,专辑
毛不易_3_1,2016以后,毛不易,2018,专辑
毛不易_3_1,2016以后,毛不易,2018,专辑
毛不易_3_1,2016以后,毛不易,2018,专辑
毛不易_3_1,2016以后,毛不易,2018,专辑
毛不易_3_1,2016以后,毛不易,2018,专辑
毛不易_3_1,2016以后,毛不易,2018,专辑
毛不易_3_1,2016以后,毛不易,2018,专辑
毛不易_3_1,2016以后,毛不易,2018,专辑
毛不易_3_1,2016以后,毛不易,2018,专辑
毛不易_3_1,2016以后,毛不易,2018,专辑
毛不易_3_1,2016以后,毛不易,2018,专辑
毛不易_3_1,2016以后,毛不易,2019,商业
毛不易_3_1,2016以后,毛不易,2019,商业
毛不易_3_1,2016以后,毛不易,2019,专辑
毛不易_3_1,2016以后,毛不易,2019,专辑
毛不易_3_1,2016以后,毛不易,2019,专辑
毛不易_3_1,2016以后,毛不易,2019,专辑
王源_3_2,2016以后,王源,2013,翻唱
王源_3_2,2016以后,王源,2014,翻唱
王源_3_2,2016以后,王源,2014,翻唱
王源_3_2,2016以后,王源,2015,翻唱
王源_3_2,2016以后,王源,2015,翻唱
王源_3_2,2016以后,王源,2015,翻唱
王源_3_2,2016以后,王源,2016,专辑
王源_3_2,2016以后,王源,2016,专辑
王源_3_2,2016以后,王源,2017,商业
王源_3_2,2016以后,王源,2017,商业
王源_3_2,2016以后,王源,2017,专辑
王源_3_2,2016以后,王源,2017,专辑
王源_3_2,2016以后,王源,2017,专辑
王源_3_2,2016以后,王源,2017,专辑
王源_3_2,2016以后,王源,2017,专辑
王源_3_2,2016以后,王源,2017,专辑
王源_3_2,2016以后,王源,2018,专辑
王源_3_2,2016以后,王源,2018,商业
王源_3_2,2016以后,王源,2018,商业
王源_3_2,2016以后,王源,2018,专辑
王源_3_2,2016以后,王源,2018,专辑
王源_3_2,2016以后,王源,2018,专辑
王源_3_2,2016以后,王源,2018,专辑
王源_3_2,2016以后,王源,2018,专辑
王源_3_2,2016以后,王源,2018,专辑
王源_3_2,2016以后,王源,2018,专辑
王源_3_2,2016以后,王源,2018,专辑
王源_3_2,2016以后,王源,2018,专辑
王源_3_2,2016以后,王源,2018,专辑
王源_3_2,2016以后,王源,2018,专辑
王源_3_2,2016以后,王源,2018,专辑
王源_3_2,2016以后,王源,2018,专辑
王源_3_2,2016以后,王源,2018,专辑
王源_3_2,2016以后,王源,2018,专辑
王源_3_2,2016以后,王源,2018,专辑
王源_3_2,2016以后,王源,2018,专辑
王源_3_2,2016以后,王源,2018,专辑
王源_3_2,2016以后,王源,2018,专辑
王源_3_2,2016以后,王源,2018,专辑
王源_3_2,2016以后,王源,2019,商业
王源_3_2,2016以后,王源,2019,商业
王源_3_2,2016以后,王源,2019,商业
王源_3_2,2016以后,王源,2019,专辑
王源_3_2,2016以后,王源,2019,专辑
王源_3_2,2016以后,王源,2019,专辑
王源_3_2,2016以后,王源,2019,专辑
王源_3_2,2016以后,王源,2019,专辑
王源_3_2,2016以后,王源,2019,专辑
王源_3_2,2016以后,王源,2019,专辑
王源_3_2,2016以后,王源,2019,专辑
王源_3_2,2016以后,王源,2019,专辑
王源_3_2,2016以后,王源,2019,专辑
王源_3_2,2016以后,王源,2019,专辑
王源_3_2,2016以后,王源,2019,专辑
王源_3_2,2016以后,王源,2019,专辑
王源_3_2,2016以后,王源,2019,专辑
王源_3_2,2016以后,王源,2019,专辑
王源_3_2,2016以后,王源,2019,专辑
王源_3_2,2016以后,王源,2019,专辑
王源_3_2,2016以后,王源,2019,专辑
王源_3_2,2016以后,王源,2019,专辑
王源_3_2,2016以后,王源,2019,专辑
王源_3_2,2016以后,王源,2019,专辑
王源_3_2,2016以后,王源,2019,专辑
王源_3_2,2016以后,王源,2019,专辑
王源_3_2,2016以后,王源,2019,专辑
蔡徐坤_3_3,2016以后,蔡徐坤,2018,专辑
蔡徐坤_3_3,2016以后,蔡徐坤,2018,专辑
蔡徐坤_3_3,2016以后,蔡徐坤,2018,专辑
蔡徐坤_3_3,2016以后,蔡徐坤,2018,专辑
蔡徐坤_3_3,2016以后,蔡徐坤,2019,专辑
蔡徐坤_3_3,2016以后,蔡徐坤,2019,专辑
蔡徐坤_3_3,2016以后,蔡徐坤,2019,专辑
蔡徐坤_3_3,2016以后,蔡徐坤,2019,专辑
蔡徐坤_3_3,2016以后,蔡徐坤,2019,专辑
蔡徐坤_3_3,2016以后,蔡徐坤,2019,专辑
蔡徐坤_3_3,2016以后,蔡徐坤,2019,专辑
鞠婧祎_3_4,2016以后,鞠婧祎,2016,商业
鞠婧祎_3_4,2016以后,鞠婧祎,2016,商业
鞠婧祎_3_4,2016以后,鞠婧祎,2016,专辑
鞠婧祎_3_4,2016以后,鞠婧祎,2016,商业
鞠婧祎_3_4,2016以后,鞠婧祎,2017,专辑
鞠婧祎_3_4,2016以后,鞠婧祎,2017,专辑
鞠婧祎_3_4,2016以后,鞠婧祎,2017,专辑
鞠婧祎_3_4,2016以后,鞠婧祎,2017,专辑
鞠婧祎_3_4,2016以后,鞠婧祎,2017,专辑
鞠婧祎_3_4,2016以后,鞠婧祎,2018,商业
鞠婧祎_3_4,2016以后,鞠婧祎,2018,商业
鞠婧祎_3_4,2016以后,鞠婧祎,2018,专辑
鞠婧祎_3_4,2016以后,鞠婧祎,2019,商业
鞠婧祎_3_4,2016以后,鞠婧祎,2019,商业
鞠婧祎_3_4,2016以后,鞠婧祎,2019,商业
鞠婧祎_3_4,2016以后,鞠婧祎,2019,商业
鞠婧祎_3_4,2016以后,鞠婧祎,2019,商业
鞠婧祎_3_4,2016以后,鞠婧祎,2019,专辑
鞠婧祎_3_4,2016以后,鞠婧祎,2019,商业
鞠婧祎_3_4,2016以后,鞠婧祎,2019,专辑
鞠婧祎_3_4,2016以后,鞠婧祎,2019,商业
鞠婧祎_3_4,2016以后,鞠婧祎,2019,专辑
